INSERT INTO Proveedores (proveedor_id, nombre, direccion, telefono, email) VALUES
(1, 'Agroquímicos Tibú', 'Calle 12 #34-56, Tibú', '3123456789', 'contacto@agrotibu.com'),
(2, 'Fertilizantes del Norte', 'Carrera 45 #10-12, Cúcuta', '3151234567', 'ventas@fertinorte.com'),
(3, 'Distribuidora Agrícola S.A.', 'Av. Principal #45-78, Bucaramanga', '3187654321', 'info@distribuidora.com'),
(4, 'Semillas Valle Verde', 'Calle 8 #9-10, Valledupar', '3009876543', 'contacto@valleverde.com'),
(5, 'Insumos y Maquinarias SAS', 'Carrera 11 #22-33, Cali', '3102345678', 'ventas@insumosmaq.com'),
(6, 'Agroexport Ltda.', 'Av. Sur #100-15, Medellín', '3171236789', 'info@agroexport.com'),
(7, 'Químicos Agrícolas SAS', 'Calle 50 #7-20, Bogotá', '3118765432', 'contacto@quimicos.com'),
(8, 'TecnoAgro Equipos', 'Carrera 19 #8-24, Montería', '3165432123', 'ventas@tecnoagro.com'),
(9, 'Fertilizantes del Tolima', 'Av. Central #23-45, Ibagué', '3131239876', 'info@fertitolima.com'),
(10, 'Soluciones Agropecuarias', 'Carrera 10 #30-15, Armenia', '3129876543', 'contacto@soluagro.com'),
(11, 'Proyectos Agrícolas SAS', 'Calle 15 #45-67, Manizales', '3187651234', 'ventas@proyectosagricolas.com'),
(12, 'Maquinaria Agroindustrial', 'Av. Norte #78-90, Neiva', '3145678901', 'info@maqagro.com'),
(13, 'Agroindustria Caribe', 'Carrera 9 #6-10, Barranquilla', '3198765432', 'contacto@caribeagro.com'),
(14, 'Hortalizas del Meta', 'Calle 22 #12-18, Villavicencio', '3212345678', 'ventas@hortameta.com'),
(15, 'AgroCauca Ltda.', 'Av. Popayán #34-56, Popayán', '3124567890', 'info@agrocauca.com'),
(16, 'Distribuciones SurColombia', 'Carrera 12 #78-56, Pasto', '3156781234', 'contacto@distsur.com'),
(17, 'Semillas del Pacífico', 'Calle 30 #10-20, Buenaventura', '3111236789', 'ventas@semipacifico.com'),
(18, 'Insumos Santander', 'Av. Oriente #5-15, Bucaramanga', '3139876543', 'info@insusantander.com'),
(19, 'Maquinarias y Servicios Agropecuarios', 'Carrera 14 #20-30, Pereira', '3105432123', 'contacto@maqservagro.com'),
(20, 'Productos Agrícolas La Llanura', 'Calle 5 #6-7, Yopal', '3178765432', 'ventas@llanura.com'),
(21, 'Fertilizantes y Más', 'Av. Occidente #45-67, Cartagena', '3143214567', 'info@fertimas.com'),
(22, 'Semillas del Oriente', 'Carrera 3 #12-45, Cúcuta', '3107654321', 'contacto@semioriente.com'),
(23, 'AgroMontaña', 'Calle 8 #30-12, Medellín', '3193219876', 'ventas@agromontana.com'),
(24, 'Químicos Agrarios SAS', 'Av. Norte #56-78, Bogotá', '3114567890', 'info@quimagrarios.com'),
(25, 'Soluciones Integrales Agroindustriales', 'Carrera 21 #9-20, Cali', '3166785432', 'contacto@solagroind.com'),
(26, 'TecnoCultivos Ltda.', 'Calle 2 #3-45, Neiva', '3121234567', 'ventas@tecnocultivos.com'),
(27, 'AgroEmpresarial Colombia', 'Av. Principal #1-23, Bogotá', '3136543210', 'info@agroempresarial.com'),
(28, 'Proveedores del Agro', 'Carrera 7 #10-8, Armenia', '3182345678', 'contacto@provagro.com'),
(29, 'Insumos Agropecuarios de Occidente', 'Calle 25 #5-15, Cali', '3158765432', 'ventas@insumooccidente.com'),
(30, 'Fertilizantes Nacionales', 'Av. Los Andes #90-12, Tunja', '3191234567', 'info@fertinac.com'),
(31, 'Servicios Agrícolas Especializados', 'Carrera 8 #11-30, Bogotá', '3146789876', 'contacto@servagroesp.com'),
(32, 'Distribuidora La Semilla', 'Calle 15 #5-12, Cali', '3102345678', 'ventas@semilladist.com'),
(33, 'Maquinarias de Colombia', 'Av. Sur #70-23, Medellín', '3129874321', 'info@maqcolombia.com'),
(34, 'AgroIndustrial SurAndina', 'Carrera 13 #20-45, Pasto', '3116543219', 'contacto@surandina.com'),
(35, 'Químicos Naturales', 'Calle 10 #8-15, Barranquilla', '3175432109', 'ventas@quimnat.com'),
(36, 'Fertilizantes EcoSostenibles', 'Av. Oriente #12-30, Popayán', '3127654321', 'info@ecofer.com'),
(37, 'AgroRendimiento Ltda.', 'Carrera 18 #9-10, Montería', '3138765432', 'contacto@agrorendimiento.com'),
(38, 'Insumos AgroSur', 'Calle 7 #11-20, Villavicencio', '3161239876', 'ventas@insusur.com'),
(39, 'Cultivos y Tecnologías', 'Av. Principal #12-34, Medellín', '3199876543', 'info@cultytec.com'),
(40, 'Proyectos del Agro', 'Carrera 2 #5-10, Ibagué', '3103456789', 'contacto@proyagro.com'),
(41, 'Maquinarias y Herramientas del Norte', 'Calle 50 #6-30, Bogotá', '3154321234', 'ventas@maquinorte.com'),
(42, 'Semillas del Futuro', 'Carrera 14 #5-7, Cartagena', '3127894567', 'info@semifuturo.com'),
(43, 'Distribuciones AgroCaribe', 'Av. Norte #15-23, Barranquilla', '3172345678', 'contacto@agrocaribe.com'),
(44, 'Fertilizantes Premium', 'Calle 30 #10-15, Cúcuta', '3116784321', 'ventas@fertipremium.com'),
(45, 'AgroInnovación Ltda.', 'Carrera 1 #2-3, Cali', '3198761234', 'info@agroinnova.com'),
(46, 'Químicos AgroBio', 'Av. Centro #12-45, Bogotá', '3137896543', 'contacto@agrobio.com'),
(47, 'Insumos Agrícolas Antioquia', 'Calle 9 #8-7, Medellín', '3165432101', 'ventas@insumoant.com'),
(48, 'AgroSostenible SAS', 'Carrera 10 #6-10, Tunja', '3104321234', 'info@agrosos.com'),
(49, 'Productos del AgroColombiano', 'Av. Oriente #23-15, Bucaramanga', '3141239876', 'contacto@agrocol.com'),
(50, 'Tecnologías del Campo', 'Calle 40 #5-20, Cali', '3128765432', 'ventas@tecnoagro.com');


INSERT INTO Productos (producto_id, nombre, tipo_producto, unidad_medida, descripcion) VALUES
(1, 'Fertilizante Orgánico', 'Fertilizante', 'Kilogramos', 'Fertilizante natural a base de compost para mejorar la calidad del suelo.'),
(2, 'Semillas de Maíz', 'Semillas', 'Kilogramos', 'Semillas híbridas de alta calidad para cultivos de maíz.'),
(3, 'Herbicida Selectivo', 'Herbicida', 'Litros', 'Controla malezas de hoja ancha sin dañar el cultivo.'),
(4, 'Insecticida Biológico', 'Insecticida', 'Litros', 'Producto natural para el control de plagas en cultivos agrícolas.'),
(5, 'Tractor Compacto', 'Maquinaria', 'Unidades', 'Tractor ideal para terrenos pequeños y medianos.'),
(6, 'Sistema de Riego por Goteo', 'Riego', 'Unidades', 'Sistema eficiente de riego para cultivos diversos.'),
(7, 'Abono Nitrogenado', 'Fertilizante', 'Kilogramos', 'Fertilizante con alto contenido de nitrógeno para mejorar el crecimiento de plantas.'),
(8, 'Fungicida Sistémico', 'Fungicida', 'Litros', 'Protege las plantas contra enfermedades fúngicas.'),
(9, 'Pala de Mano', 'Herramienta', 'Unidades', 'Herramienta multiusos para trabajos de jardinería y agricultura.'),
(10, 'Manguera para Riego', 'Riego', 'Metros', 'Manguera resistente para sistemas de riego agrícola.'),
(11, 'Semillas de Girasol', 'Semillas', 'Kilogramos', 'Semillas para cultivos de girasol de alto rendimiento.'),
(12, 'Fertilizante de Potasio', 'Fertilizante', 'Kilogramos', 'Fertilizante rico en potasio para fortalecer los cultivos.'),
(13, 'Insecticida para Frutas', 'Insecticida', 'Litros', 'Control de insectos dañinos en cultivos frutales.'),
(14, 'Azadón de Acero', 'Herramienta', 'Unidades', 'Herramienta de acero resistente para remover la tierra.'),
(15, 'Sistema de Aspersión', 'Riego', 'Unidades', 'Sistema de riego por aspersión para grandes extensiones.'),
(16, 'Fertilizante Fosforado', 'Fertilizante', 'Kilogramos', 'Fertilizante que favorece el desarrollo de raíces.'),
(17, 'Semillas de Trigo', 'Semillas', 'Kilogramos', 'Semillas certificadas para cultivos de trigo.'),
(18, 'Cosechadora de Granos', 'Maquinaria', 'Unidades', 'Máquina para la recolección de granos de forma eficiente.'),
(19, 'Malla Antigranizo', 'Protección', 'Metros', 'Malla de protección contra granizo para cultivos sensibles.'),
(20, 'Fertilizante Líquido', 'Fertilizante', 'Litros', 'Fertilizante líquido fácil de aplicar en cultivos agrícolas.'),
(21, 'Semillas de Arroz', 'Semillas', 'Kilogramos', 'Semillas resistentes a condiciones climáticas adversas.'),
(22, 'Herbicida Total', 'Herbicida', 'Litros', 'Herbicida de amplio espectro para eliminar malezas.'),
(23, 'Motobomba Agrícola', 'Maquinaria', 'Unidades', 'Bomba para extracción de agua en cultivos.'),
(24, 'Carretilla Metálica', 'Herramienta', 'Unidades', 'Carretilla de acero para transporte de materiales.'),
(25, 'Fertilizante Complejo', 'Fertilizante', 'Kilogramos', 'Fertilizante con mezcla equilibrada de nutrientes esenciales.'),
(26, 'Fungicida Preventivo', 'Fungicida', 'Litros', 'Protege las plantas de infecciones antes de que ocurran.'),
(27, 'Cuerda Agrícola', 'Accesorio', 'Metros', 'Cuerda resistente para usos múltiples en agricultura.'),
(28, 'Manguera Flexible', 'Riego', 'Metros', 'Manguera para riego con alta durabilidad.'),
(29, 'Semillas de Alfalfa', 'Semillas', 'Kilogramos', 'Semillas para forraje de alta calidad.'),
(30, 'Tractor de Alta Potencia', 'Maquinaria', 'Unidades', 'Tractor diseñado para grandes extensiones agrícolas.'),
(31, 'Rastrillo de Mano', 'Herramienta', 'Unidades', 'Rastrillo liviano ideal para trabajos en el huerto.'),
(32, 'Insecticida Orgánico', 'Insecticida', 'Litros', 'Producto ecológico para el control de plagas.'),
(33, 'Semillas de Frijol', 'Semillas', 'Kilogramos', 'Semillas de frijol adaptadas a diferentes climas.'),
(34, 'Fertilizante Soluble', 'Fertilizante', 'Kilogramos', 'Fertilizante fácil de disolver en agua.'),
(35, 'Motosierra Agrícola', 'Maquinaria', 'Unidades', 'Herramienta eficiente para cortar madera en áreas agrícolas.'),
(36, 'Malla Sombra', 'Protección', 'Metros', 'Malla para protección solar de cultivos sensibles.'),
(37, 'Semillas de Cebada', 'Semillas', 'Kilogramos', 'Semillas de cebada para producción de granos y forraje.'),
(38, 'Herbicida Residual', 'Herbicida', 'Litros', 'Producto de larga duración para el control de malezas.'),
(39, 'Fertilizante Orgánico Líquido', 'Fertilizante', 'Litros', 'Fertilizante natural para mejorar la salud de las plantas.'),
(40, 'Rociador Manual', 'Herramienta', 'Unidades', 'Herramienta para aplicar productos líquidos en cultivos.'),
(41, 'Semillas de Avena', 'Semillas', 'Kilogramos', 'Semillas certificadas de avena para uso agrícola.'),
(42, 'Cosechadora de Pasto', 'Maquinaria', 'Unidades', 'Máquina especializada para corte y recolección de pasto.'),
(43, 'Trampa para Insectos', 'Accesorio', 'Unidades', 'Dispositivo para capturar insectos dañinos en cultivos.'),
(44, 'Fertilizante para Frutales', 'Fertilizante', 'Kilogramos', 'Fertilizante diseñado específicamente para cultivos de frutas.'),
(45, 'Semillas de Hortalizas', 'Semillas', 'Kilogramos', 'Variedad de semillas para hortalizas frescas.'),
(46, 'Cortadora de Césped', 'Maquinaria', 'Unidades', 'Máquina para mantenimiento de jardines y áreas agrícolas.'),
(47, 'Pesticida de Contacto', 'Pesticida', 'Litros', 'Elimina plagas por contacto directo.'),
(48, 'Caña de Pescar Agrícola', 'Herramienta', 'Unidades', 'Caña adaptada para trabajos en campos inundados.'),
(49, 'Semillas de Sorgo', 'Semillas', 'Kilogramos', 'Semillas de sorgo con alto rendimiento.'),
(50, 'Fertilizante Micronutrientes', 'Fertilizante', 'Kilogramos', 'Mezcla de micronutrientes esenciales para cultivos.');


INSERT INTO Clientes (cliente_id, nombre, direccion, telefono, email) VALUES
(1, 'Carlos Martínez', 'Calle 123, Bogotá, Colombia', '3104567890', 'carlos.martinez@gmail.com'),
(2, 'Ana López', 'Av. Las Flores 45, Medellín, Colombia', '3127896543', 'ana.lopez@hotmail.com'),
(3, 'Pedro Gómez', 'Carrera 12 #34-56, Cali, Colombia', '3141239876', 'pedro.gomez@yahoo.com'),
(4, 'María Rodríguez', 'Calle Principal 67, Barranquilla, Colombia', '3164567890', 'maria.rodriguez@gmail.com'),
(5, 'Jorge Pérez', 'Av. Central 89, Cartagena, Colombia', '3206543210', 'jorge.perez@hotmail.com'),
(6, 'Laura Ramírez', 'Cra. 45 #23-89, Bucaramanga, Colombia', '3189876543', 'laura.ramirez@gmail.com'),
(7, 'Andrés Torres', 'Calle 8 No. 23A-45, Manizales, Colombia', '3194561230', 'andres.torres@yahoo.com'),
(8, 'Lucía Fernández', 'Av. Libertador 12, Pereira, Colombia', '3157896540', 'lucia.fernandez@hotmail.com'),
(9, 'Sofía Morales', 'Carrera 67 #45-23, Armenia, Colombia', '3171234567', 'sofia.morales@gmail.com'),
(10, 'Miguel Ramírez', 'Calle 45A No. 12-34, Ibagué, Colombia', '3214567890', 'miguel.ramirez@yahoo.com'),
(11, 'Daniela Gutiérrez', 'Av. Simón Bolívar 123, Pasto, Colombia', '3139876543', 'daniela.gutierrez@hotmail.com'),
(12, 'Juan Castillo', 'Calle 78 No. 45-67, Montería, Colombia', '3124567890', 'juan.castillo@gmail.com'),
(13, 'Paola Martínez', 'Cra. 23 #56-78, Villavicencio, Colombia', '3209876543', 'paola.martinez@hotmail.com'),
(14, 'Santiago Vega', 'Av. El Dorado 90, Neiva, Colombia', '3111234567', 'santiago.vega@yahoo.com'),
(15, 'Isabella Cárdenas', 'Calle 34 No. 12A-56, Tunja, Colombia', '3145678901', 'isabella.cardenas@gmail.com'),
(16, 'Diego Rojas', 'Cra. 12 #34-78, Sincelejo, Colombia', '3186543210', 'diego.rojas@hotmail.com'),
(17, 'Camila Pineda', 'Av. Santander 45, Popayán, Colombia', '3157891234', 'camila.pineda@yahoo.com'),
(18, 'Luis Mendoza', 'Calle 89 No. 45-23, Valledupar, Colombia', '3164569870', 'luis.mendoza@gmail.com'),
(19, 'Valentina Ortiz', 'Cra. 56 No. 78-90, Cúcuta, Colombia', '3191236547', 'valentina.ortiz@hotmail.com'),
(20, 'Julián Peña', 'Calle 12A No. 34-56, Santa Marta, Colombia', '3209871234', 'julian.pena@gmail.com'),
(21, 'Gabriela Hernández', 'Av. 23 de Julio 89, Tunja, Colombia', '3126547890', 'gabriela.hernandez@hotmail.com'),
(22, 'Ricardo Pacheco', 'Cra. 78 No. 12-34, Leticia, Colombia', '3107894561', 'ricardo.pacheco@gmail.com'),
(23, 'Natalia Ruiz', 'Av. El Libertador 45, Florencia, Colombia', '3191237894', 'natalia.ruiz@hotmail.com'),
(24, 'Sebastián López', 'Calle 23A No. 45-67, Quibdó, Colombia', '3137894562', 'sebastian.lopez@gmail.com'),
(25, 'Alejandra Blanco', 'Cra. 12B No. 34-78, Yopal, Colombia', '3159871234', 'alejandra.blanco@yahoo.com'),
(26, 'Tomás Navarro', 'Av. Principal 90, Riohacha, Colombia', '3116547890', 'tomas.navarro@gmail.com'),
(27, 'Andrea Mora', 'Calle 34 No. 45-89, Arauca, Colombia', '3129876540', 'andrea.mora@hotmail.com'),
(28, 'Felipe Cruz', 'Cra. 67 No. 23-45, Manizales, Colombia', '3184567891', 'felipe.cruz@gmail.com'),
(29, 'Mariana Silva', 'Calle 56 No. 78A-90, Mitú, Colombia', '3167896543', 'mariana.silva@hotmail.com'),
(30, 'José Vargas', 'Av. Los Andes 23, San Andrés, Colombia', '3199874567', 'jose.vargas@yahoo.com'),
(31, 'Claudia Nieto', 'Calle 90 No. 12-34, Leticia, Colombia', '3154569870', 'claudia.nieto@gmail.com'),
(32, 'Oscar Díaz', 'Cra. 45A No. 56-78, Ipiales, Colombia', '3127894563', 'oscar.diaz@hotmail.com'),
(33, 'Sara Correa', 'Av. Bolívar 12, Buenaventura, Colombia', '3131237894', 'sara.correa@gmail.com'),
(34, 'Hugo Medina', 'Calle 78A No. 45-67, Zipaquirá, Colombia', '3104561239', 'hugo.medina@hotmail.com'),
(35, 'Pilar González', 'Cra. 56 No. 12A-34, Fusagasugá, Colombia', '3117896540', 'pilar.gonzalez@gmail.com'),
(36, 'Rodrigo Romero', 'Av. 45 Sur 78, Chía, Colombia', '3124567893', 'rodrigo.romero@hotmail.com'),
(37, 'Lorena Vargas', 'Calle 34A No. 56-90, Duitama, Colombia', '3189874562', 'lorena.vargas@gmail.com'),
(38, 'David Salazar', 'Cra. 12B No. 23-45, Sogamoso, Colombia', '3196547893', 'david.salazar@hotmail.com'),
(39, 'Mónica Castro', 'Av. Central 67, Tumaco, Colombia', '3107896541', 'monica.castro@gmail.com'),
(40, 'César Quintero', 'Calle 45 No. 78A-23, Pamplona, Colombia', '3127891234', 'cesar.quintero@hotmail.com'),
(41, 'Diana Valencia', 'Cra. 67A No. 12-34, Turbo, Colombia', '3134567892', 'diana.valencia@gmail.com'),
(42, 'Manuel Reyes', 'Av. Principal 78, Puerto Carreño, Colombia', '3181237894', 'manuel.reyes@hotmail.com'),
(43, 'Carolina Arias', 'Calle 34 No. 45-78, Guaduas, Colombia', '3147891230', 'carolina.arias@gmail.com'),
(44, 'Francisco Herrera', 'Cra. 23 No. 56A-78, Barbosa, Colombia', '3159874563', 'francisco.herrera@yahoo.com'),
(45, 'Elena Castro', 'Av. 90A No. 12-34, Ocaña, Colombia', '3114569870', 'elena.castro@hotmail.com'),
(46, 'Germán Ortiz', 'Calle 56B No. 78-90, Soacha, Colombia', '3127896543', 'german.ortiz@gmail.com'),
(47, 'Patricia Salinas', 'Cra. 45A No. 23-45, Ciénaga, Colombia', '3169871234', 'patricia.salinas@hotmail.com'),
(48, 'Héctor Jiménez', 'Av. Los Libertadores 90, Tuluá, Colombia', '3184567894', 'hector.jimenez@gmail.com'),
(49, 'Susana Vargas', 'Calle 34A No. 56-78, Girardot, Colombia', '3196547891', 'susana.vargas@hotmail.com'),
(50, 'Rafael Rincón', 'Cra. 12 No. 34-56, San Gil, Colombia', '3157896543', 'rafael.rincon@yahoo.com');


INSERT INTO Empleados (empleado_id, nombre, tipo_empleado, salario, fecha_ingreso, estado) VALUES
(1, 'Carlos Gómez', 'Gerente', 4500000.00, '2015-03-15', 'Activo'),
(2, 'Ana Ramírez', 'Asistente', 2300000.00, '2018-07-20', 'Activo'),
(3, 'Luis Torres', 'Vendedor', 1800000.00, '2019-05-10', 'Activo'),
(4, 'Sofía Martínez', 'Supervisor', 2800000.00, '2017-11-05', 'Activo'),
(5, 'Pedro López', 'Contador', 3500000.00, '2020-01-12', 'Activo'),
(6, 'María Hernández', 'Recepcionista', 1500000.00, '2021-06-18', 'Activo'),
(7, 'Jorge Ruiz', 'Vendedor', 1750000.00, '2022-03-08', 'Activo'),
(8, 'Lucía Peña', 'Gerente', 4700000.00, '2014-08-25', 'Activo'),
(9, 'Andrés Pérez', 'Supervisor', 2900000.00, '2019-09-13', 'Activo'),
(10, 'Laura Castillo', 'Asistente', 2400000.00, '2018-02-22', 'Activo'),
(11, 'Miguel Vargas', 'Vendedor', 1800000.00, '2021-04-15', 'Activo'),
(12, 'Gabriela Morales', 'Recepcionista', 1600000.00, '2020-12-10', 'Activo'),
(13, 'Daniel Gutiérrez', 'Contador', 3400000.00, '2016-05-20', 'Activo'),
(14, 'Paola Medina', 'Supervisor', 2850000.00, '2020-07-30', 'Activo'),
(15, 'Santiago Fernández', 'Gerente', 4600000.00, '2013-10-12', 'Activo'),
(16, 'Isabella Ramírez', 'Vendedor', 1900000.00, '2018-06-18', 'Activo'),
(17, 'Tomás Rojas', 'Asistente', 2250000.00, '2021-11-15', 'Activo'),
(18, 'Daniela Ortiz', 'Recepcionista', 1500000.00, '2022-01-25', 'Activo'),
(19, 'José Rodríguez', 'Supervisor', 2750000.00, '2017-04-19', 'Activo'),
(20, 'Camila Díaz', 'Gerente', 4800000.00, '2012-09-05', 'Activo'),
(21, 'Felipe Navarro', 'Vendedor', 1850000.00, '2019-12-15', 'Activo'),
(22, 'Natalia Cruz', 'Recepcionista', 1600000.00, '2020-03-30', 'Activo'),
(23, 'Hugo Salazar', 'Contador', 3600000.00, '2015-07-22', 'Activo'),
(24, 'Claudia Blanco', 'Asistente', 2200000.00, '2021-08-10', 'Activo'),
(25, 'Ricardo Romero', 'Supervisor', 2950000.00, '2020-11-18', 'Activo'),
(26, 'Lorena García', 'Vendedor', 1750000.00, '2021-02-14', 'Activo'),
(27, 'Diego Castro', 'Gerente', 4550000.00, '2014-01-28', 'Activo'),
(28, 'Valentina Quintero', 'Recepcionista', 1550000.00, '2022-06-12', 'Activo'),
(29, 'Manuel Herrera', 'Supervisor', 2800000.00, '2018-10-09', 'Activo'),
(30, 'Sara Medina', 'Asistente', 2350000.00, '2020-05-04', 'Activo'),
(31, 'Rodrigo Pineda', 'Vendedor', 1900000.00, '2021-12-19', 'Activo'),
(32, 'Elena Vega', 'Recepcionista', 1500000.00, '2022-04-30', 'Activo'),
(33, 'David Torres', 'Contador', 3450000.00, '2016-03-16', 'Activo'),
(34, 'Susana Nieto', 'Supervisor', 2900000.00, '2019-07-12', 'Activo'),
(35, 'Oscar Jiménez', 'Gerente', 4750000.00, '2013-11-25', 'Activo'),
(36, 'Pilar Castillo', 'Asistente', 2300000.00, '2021-05-27', 'Activo'),
(37, 'Francisco Correa', 'Vendedor', 1850000.00, '2018-03-21', 'Activo'),
(38, 'Diana Reyes', 'Recepcionista', 1600000.00, '2020-09-01', 'Activo'),
(39, 'Héctor Silva', 'Contador', 3500000.00, '2017-12-17', 'Activo'),
(40, 'Carolina Vargas', 'Supervisor', 2850000.00, '2016-06-14', 'Activo'),
(41, 'Rafael Salinas', 'Gerente', 4600000.00, '2015-09-20', 'Activo'),
(42, 'Mariana Rincón', 'Vendedor', 1800000.00, '2020-08-25', 'Activo'),
(43, 'César Romero', 'Asistente', 2250000.00, '2021-07-11', 'Activo'),
(44, 'Clara González', 'Recepcionista', 1500000.00, '2022-02-05', 'Activo'),
(45, 'Lucas Herrera', 'Supervisor', 2700000.00, '2019-11-30', 'Activo'),
(46, 'Andrea Mora', 'Gerente', 4700000.00, '2014-04-08', 'Activo'),
(47, 'Julián Peña', 'Vendedor', 1900000.00, '2020-06-24', 'Activo'),
(48, 'Patricia Orozco', 'Asistente', 2300000.00, '2018-12-10', 'Activo'),
(49, 'Fernando Ruiz', 'Contador', 3400000.00, '2015-03-28', 'Activo'),
(50, 'Alejandra Méndez', 'Supervisor', 2950000.00, '2016-08-13', 'Activo');


INSERT INTO Maquinaria (maquinaria_id, nombre, tipo_maquinaria, estado, fecha_adquisicion, fecha_ultimo_mantenimiento) VALUES
(1, 'Torno Industrial A1', 'Torno', 'Activo', '2015-04-10', '2024-03-12'),
(2, 'Fresadora ZX-200', 'Fresadora', 'Activo', '2018-06-15', '2024-01-20'),
(3, 'Compresor CP-300', 'Compresor', 'Mantenimiento', '2020-09-08', '2024-06-10'),
(4, 'Cizalla C300', 'Cizalla', 'Activo', '2016-03-21', '2024-05-18'),
(5, 'Prensa Hidráulica H10', 'Prensa', 'Inactivo', '2013-07-14', '2023-12-01'),
(6, 'Soldadora MIG-350', 'Soldadora', 'Activo', '2017-05-30', '2024-07-05'),
(7, 'Perforadora P450', 'Perforadora', 'Activo', '2019-10-10', '2024-02-15'),
(8, 'Cortadora Láser CL500', 'Cortadora Láser', 'Activo', '2021-02-25', '2024-05-30'),
(9, 'Horno HT200', 'Horno', 'Mantenimiento', '2014-08-20', '2024-06-01'),
(10, 'Generador GX-800', 'Generador', 'Inactivo', '2012-12-01', '2023-09-15'),
(11, 'Torno T200 Plus', 'Torno', 'Activo', '2018-11-10', '2024-01-01'),
(12, 'Pulidora PL400', 'Pulidora', 'Activo', '2020-03-12', '2024-03-10'),
(13, 'Fresadora FMX-600', 'Fresadora', 'Mantenimiento', '2016-01-18', '2024-04-20'),
(14, 'Compresor CP-150', 'Compresor', 'Activo', '2019-07-05', '2024-06-15'),
(15, 'Prensa Neumática PN100', 'Prensa', 'Inactivo', '2013-04-30', '2023-10-12'),
(16, 'Cizalla Industrial C500', 'Cizalla', 'Activo', '2017-06-22', '2024-05-10'),
(17, 'Soldadora TIG-200', 'Soldadora', 'Activo', '2021-09-15', '2024-06-08'),
(18, 'Horno de Secado HS300', 'Horno', 'Activo', '2018-02-28', '2024-02-20'),
(19, 'Cortadora de Plasma CPX400', 'Cortadora Plasma', 'Mantenimiento', '2020-10-10', '2024-06-25'),
(20, 'Generador Solar GS500', 'Generador', 'Activo', '2022-01-05', '2024-01-10'),
(21, 'Torno T300', 'Torno', 'Activo', '2015-11-18', '2024-03-12'),
(22, 'Fresadora FM250', 'Fresadora', 'Activo', '2019-08-01', '2024-02-15'),
(23, 'Compresor de Aire CA100', 'Compresor', 'Activo', '2017-03-20', '2024-05-18'),
(24, 'Prensa Hidráulica P300', 'Prensa', 'Inactivo', '2014-07-14', '2023-11-01'),
(25, 'Cizalla Compacta CC200', 'Cizalla', 'Activo', '2016-09-25', '2024-06-10'),
(26, 'Soldadora Eléctrica SE400', 'Soldadora', 'Mantenimiento', '2020-12-01', '2024-04-15'),
(27, 'Horno HT100 Plus', 'Horno', 'Activo', '2013-05-10', '2024-01-01'),
(28, 'Cortadora Láser Industrial CLI600', 'Cortadora Láser', 'Activo', '2021-04-20', '2024-05-12'),
(29, 'Generador GX1000', 'Generador', 'Activo', '2018-06-15', '2024-06-05'),
(30, 'Pulidora de Precisión PP300', 'Pulidora', 'Activo', '2019-11-20', '2024-04-25'),
(31, 'Torno Industrial TI100', 'Torno', 'Activo', '2017-02-18', '2024-03-20'),
(32, 'Compresor de Alta Presión CAP200', 'Compresor', 'Activo', '2020-06-12', '2024-06-01'),
(33, 'Fresadora Industrial FI500', 'Fresadora', 'Mantenimiento', '2015-07-10', '2024-02-10'),
(34, 'Prensa Compacta PC200', 'Prensa', 'Activo', '2019-09-05', '2024-01-25'),
(35, 'Horno de Fundición HF600', 'Horno', 'Activo', '2018-12-25', '2024-02-05'),
(36, 'Soldadora MIG-TIG ST500', 'Soldadora', 'Activo', '2021-03-15', '2024-05-05'),
(37, 'Cizalla Automática CA300', 'Cizalla', 'Mantenimiento', '2016-08-30', '2024-04-30'),
(38, 'Cortadora de Plasma CP500', 'Cortadora Plasma', 'Activo', '2018-04-10', '2024-06-08'),
(39, 'Generador Industrial GI700', 'Generador', 'Activo', '2020-07-22', '2024-01-01'),
(40, 'Pulidora Compacta PC400', 'Pulidora', 'Activo', '2017-09-10', '2024-03-15'),
(41, 'Torno Precisión TP200', 'Torno', 'Activo', '2019-05-01', '2024-05-01'),
(42, 'Fresadora CNC FNC1000', 'Fresadora', 'Activo', '2022-08-10', '2024-06-25'),
(43, 'Compresor Silencioso CS200', 'Compresor', 'Activo', '2018-03-05', '2024-01-18'),
(44, 'Prensa Manual PM100', 'Prensa', 'Inactivo', '2014-02-25', '2023-12-15'),
(45, 'Horno de Convección HC400', 'Horno', 'Mantenimiento', '2020-01-15', '2024-02-25'),
(46, 'Soldadora Compacta SC300', 'Soldadora', 'Activo', '2017-06-20', '2024-03-10'),
(47, 'Cizalla Eléctrica CE400', 'Cizalla', 'Activo', '2021-10-30', '2024-04-15'),
(48, 'Generador Portátil GP200', 'Generador', 'Activo', '2019-12-01', '2024-06-01'),
(49, 'Cortadora Láser CL700', 'Cortadora Láser', 'Activo', '2020-05-25', '2024-05-20'),
(50, 'Pulidora Automática PA500', 'Pulidora', 'Activo', '2022-11-15', '2024-06-30');


INSERT INTO Tareas (tarea_id, descripcion, fecha_inicio, fecha_fin, estado) VALUES
(1, 'Preparar el terreno para siembra', '2024-01-05', '2024-01-10', 'Completado'),
(2, 'Regar las plantas del sector A', '2024-02-01', '2024-02-03', 'En progreso'),
(3, 'Revisión del sistema de riego', '2024-03-15', '2024-03-20', 'Pendiente'),
(4, 'Aplicar fertilizante al cultivo de trigo', '2024-04-10', '2024-04-12', 'Completado'),
(5, 'Cosechar maíz en el lote 3', '2024-05-05', '2024-05-07', 'Completado'),
(6, 'Inspeccionar el cultivo de arroz', '2024-05-15', '2024-05-18', 'Completado'),
(7, 'Podar árboles frutales', '2024-06-01', '2024-06-03', 'En progreso'),
(8, 'Reparar vallas perimetrales', '2024-06-20', '2024-06-25', 'Completado'),
(9, 'Sembrar nuevas plantas de tomate', '2024-07-01', '2024-07-05', 'Pendiente'),
(10, 'Recolectar muestras de suelo', '2024-07-10', '2024-07-12', 'Completado'),
(11, 'Capacitar empleados en técnicas de cosecha', '2024-07-15', '2024-07-16', 'Completado'),
(12, 'Revisión de sistemas de drenaje', '2024-07-20', '2024-07-22', 'Pendiente'),
(13, 'Fumigar el sector norte', '2024-08-01', '2024-08-03', 'En progreso'),
(14, 'Revisar maquinaria agrícola', '2024-08-10', '2024-08-12', 'Completado'),
(15, 'Realizar auditoría de inventarios', '2024-08-15', '2024-08-18', 'Pendiente'),
(16, 'Construir canal de irrigación', '2024-08-20', '2024-08-25', 'Completado'),
(17, 'Realizar poda de emergencia', '2024-09-01', '2024-09-03', 'En progreso'),
(18, 'Preparar fertilizantes orgánicos', '2024-09-05', '2024-09-07', 'Completado'),
(19, 'Actualizar registro de cultivos', '2024-09-10', '2024-09-12', 'Pendiente'),
(20, 'Realizar limpieza de depósitos de agua', '2024-09-20', '2024-09-23', 'Completado'),
(21, 'Podar arbustos de frutas rojas', '2024-09-25', '2024-09-27', 'Pendiente'),
(22, 'Capacitar empleados en manejo de plagas', '2024-10-01', '2024-10-03', 'Completado'),
(23, 'Realizar análisis de rendimiento de cultivos', '2024-10-10', '2024-10-15', 'En progreso'),
(24, 'Sembrar cultivos de prueba', '2024-10-20', '2024-10-25', 'Pendiente'),
(25, 'Revisión de manuales de operación', '2024-11-01', '2024-11-02', 'Completado'),
(26, 'Fumigar cultivos en el sector C', '2024-11-05', '2024-11-07', 'Pendiente'),
(27, 'Recolectar datos para análisis de suelos', '2024-11-10', '2024-11-12', 'Completado'),
(28, 'Reparar caminos de acceso', '2024-11-15', '2024-11-20', 'En progreso'),
(29, 'Actualizar planes de riego', '2024-11-22', '2024-11-25', 'Pendiente'),
(30, 'Realizar evaluación anual de tareas', '2024-11-30', '2024-12-01', 'Completado'),
(31, 'Limpiar equipos agrícolas', '2024-12-02', '2024-12-03', 'Completado'),
(32, 'Recolectar residuos agrícolas', '2024-12-05', '2024-12-07', 'Pendiente'),
(33, 'Aplicar fertilizantes líquidos', '2024-12-10', '2024-12-12', 'En progreso'),
(34, 'Capacitación en nuevas tecnologías', '2024-12-15', '2024-12-17', 'Completado'),
(35, 'Sembrar plantas ornamentales', '2024-12-20', '2024-12-22', 'Pendiente'),
(36, 'Instalar nuevos aspersores', '2024-12-25', '2024-12-27', 'Pendiente'),
(37, 'Revisar calidad del agua de riego', '2024-12-30', '2025-01-01', 'En progreso'),
(38, 'Inspeccionar nuevas parcelas', '2025-01-05', '2025-01-07', 'Pendiente'),
(39, 'Revisión de sistemas eléctricos', '2025-01-10', '2025-01-12', 'Completado'),
(40, 'Realizar inventario de maquinaria', '2025-01-15', '2025-01-18', 'Pendiente'),
(41, 'Capacitación en manejo de fertilizantes', '2025-01-20', '2025-01-22', 'En progreso'),
(42, 'Realizar evaluación climática', '2025-01-25', '2025-01-27', 'Pendiente'),
(43, 'Preparar almacenes de semillas', '2025-02-01', '2025-02-03', 'Completado'),
(44, 'Aplicar técnicas de irrigación avanzada', '2025-02-05', '2025-02-07', 'Pendiente'),
(45, 'Realizar encuestas de satisfacción', '2025-02-10', '2025-02-12', 'Completado'),
(46, 'Implementar nuevas técnicas de cultivo', '2025-02-15', '2025-02-20', 'En progreso'),
(47, 'Inspeccionar y reparar bombas de agua', '2025-02-25', '2025-02-28', 'Completado'),
(48, 'Sembrar cultivos resistentes a plagas', '2025-03-01', '2025-03-05', 'Pendiente'),
(49, 'Realizar limpieza general de granja', '2025-03-10', '2025-03-12', 'Completado'),
(50, 'Capacitar empleados en uso de maquinaria nueva', '2025-03-15', '2025-03-17', 'En progreso');


INSERT INTO Cultivos (cultivo_id, producto_id, fecha_siembra, fecha_cosecha, hectareas, rendimiento_promedio) VALUES
(1, 3, '2024-01-10', '2024-05-15', 10, 8.5),
(2, 5, '2024-02-01', '2024-06-10', 15, 7.8),
(3, 12, '2024-03-15', '2024-07-20', 20, 6.9),
(4, 8, '2024-04-05', '2024-08-01', 8, 5.4),
(5, 18, '2024-05-01', '2024-09-15', 12, 9.2),
(6, 10, '2024-06-01', '2024-10-10', 5, 6.0),
(7, 25, '2024-06-15', '2024-11-01', 18, 8.7),
(8, 33, '2024-07-01', '2024-11-20', 6, 7.5),
(9, 20, '2024-07-15', '2024-12-05', 9, 6.3),
(10, 4, '2024-08-01', '2025-01-10', 14, 7.9),
(11, 2, '2024-08-15', '2025-02-01', 10, 8.3),
(12, 6, '2024-09-01', '2025-02-20', 12, 7.6),
(13, 9, '2024-09-15', '2025-03-05', 7, 6.2),
(14, 13, '2024-10-01', '2025-03-25', 16, 8.1),
(15, 21, '2024-10-15', '2025-04-10', 10, 9.0),
(16, 28, '2024-11-01', '2025-05-01', 20, 8.8),
(17, 30, '2024-11-15', '2025-05-15', 15, 7.4),
(18, 35, '2024-12-01', '2025-06-01', 8, 6.7),
(19, 7, '2024-12-15', '2025-06-15', 18, 8.6),
(20, 19, '2025-01-01', '2025-07-01', 5, 5.9),
(21, 15, '2025-01-10', '2025-07-15', 10, 7.2),
(22, 11, '2025-02-01', '2025-08-01', 12, 8.4),
(23, 14, '2025-02-15', '2025-08-20', 14, 7.1),
(24, 17, '2025-03-01', '2025-09-01', 20, 8.9),
(25, 23, '2025-03-15', '2025-09-20', 7, 6.0),
(26, 27, '2025-04-01', '2025-10-01', 12, 7.8),
(27, 31, '2025-04-15', '2025-10-15', 10, 6.5),
(28, 1, '2025-05-01', '2025-11-01', 18, 7.3),
(29, 16, '2025-05-15', '2025-11-20', 5, 6.4),
(30, 24, '2025-06-01', '2025-12-01', 8, 8.5),
(31, 29, '2025-06-15', '2025-12-20', 14, 9.1),
(32, 34, '2025-07-01', '2026-01-05', 20, 7.9),
(33, 22, '2025-07-15', '2026-01-20', 6, 6.8),
(34, 26, '2025-08-01', '2026-02-01', 12, 8.2),
(35, 32, '2025-08-15', '2026-02-15', 10, 7.7),
(36, 36, '2025-09-01', '2026-03-01', 14, 7.5),
(37, 3, '2025-09-15', '2026-03-15', 16, 9.3),
(38, 5, '2025-10-01', '2026-04-01', 18, 8.7),
(39, 12, '2025-10-15', '2026-04-15', 12, 7.6),
(40, 8, '2025-11-01', '2026-05-01', 20, 8.1),
(41, 18, '2025-11-15', '2026-05-15', 5, 6.9),
(42, 10, '2025-12-01', '2026-06-01', 10, 8.0),
(43, 25, '2025-12-15', '2026-06-15', 12, 7.8),
(44, 33, '2026-01-01', '2026-07-01', 14, 7.4),
(45, 20, '2026-01-15', '2026-07-15', 10, 8.9),
(46, 4, '2026-02-01', '2026-08-01', 18, 9.0),
(47, 2, '2026-02-15', '2026-08-20', 5, 6.6),
(48, 6, '2026-03-01', '2026-09-01', 12, 7.5),
(49, 9, '2026-03-15', '2026-09-20', 16, 8.3),
(50, 13, '2026-04-01', '2026-10-01', 8, 6.2);


INSERT INTO Inventarios (inventario_id, producto_id, cantidad, fecha_actualizacion) VALUES
(1, 1, 200, '2024-01-15'),
(2, 2, 300, '2024-01-20'),
(3, 3, 150, '2024-01-25'),
(4, 4, 250, '2024-02-01'),
(5, 5, 180, '2024-02-05'),
(6, 6, 220, '2024-02-10'),
(7, 7, 190, '2024-02-15'),
(8, 8, 260, '2024-02-20'),
(9, 9, 300, '2024-02-25'),
(10, 10, 210, '2024-03-01'),
(11, 11, 230, '2024-03-05'),
(12, 12, 170, '2024-03-10'),
(13, 13, 240, '2024-03-15'),
(14, 14, 280, '2024-03-20'),
(15, 15, 200, '2024-03-25'),
(16, 16, 220, '2024-04-01'),
(17, 17, 250, '2024-04-05'),
(18, 18, 270, '2024-04-10'),
(19, 19, 190, '2024-04-15'),
(20, 20, 300, '2024-04-20'),
(21, 21, 210, '2024-04-25'),
(22, 22, 230, '2024-05-01'),
(23, 23, 170, '2024-05-05'),
(24, 24, 240, '2024-05-10'),
(25, 25, 280, '2024-05-15'),
(26, 26, 200, '2024-05-20'),
(27, 27, 220, '2024-05-25'),
(28, 28, 250, '2024-06-01'),
(29, 29, 270, '2024-06-05'),
(30, 30, 190, '2024-06-10'),
(31, 31, 300, '2024-06-15'),
(32, 32, 210, '2024-06-20'),
(33, 33, 230, '2024-06-25'),
(34, 34, 170, '2024-07-01'),
(35, 35, 240, '2024-07-05'),
(36, 36, 280, '2024-07-10'),
(37, 37, 210, '2024-07-15'),
(38, 38, 220, '2024-07-20'),
(39, 39, 190, '2024-07-25'),
(40, 40, 250, '2024-08-01'),
(41, 41, 180, '2024-08-05'),
(42, 42, 200, '2024-08-10'),
(43, 43, 230, '2024-08-15'),
(44, 44, 270, '2024-08-20'),
(45, 45, 250, '2024-08-25'),
(46, 46, 190, '2024-09-01'),
(47, 47, 210, '2024-09-05'),
(48, 48, 230, '2024-09-10'),
(49, 49, 250, '2024-09-15'),
(50, 50, 280, '2024-09-20');


INSERT INTO Ventas (venta_id, producto_id, cantidad, precio_unitario, fecha_venta, cliente_id) VALUES
(1, 1, 2, 15.50, '2024-01-15', 1),
(2, 2, 3, 12.30, '2024-01-16', 2),
(3, 3, 1, 22.75, '2024-01-17', 3),
(4, 4, 4, 18.60, '2024-01-18', 4),
(5, 5, 5, 20.20, '2024-01-19', 5),
(6, 6, 2, 25.50, '2024-01-20', 6),
(7, 7, 3, 30.00, '2024-01-21', 7),
(8, 8, 1, 35.00, '2024-01-22', 8),
(9, 9, 4, 14.75, '2024-01-23', 9),
(10, 10, 2, 28.50, '2024-01-24', 10),
(11, 11, 3, 12.40, '2024-01-25', 11),
(12, 12, 2, 16.00, '2024-01-26', 12),
(13, 13, 1, 19.99, '2024-01-27', 13),
(14, 14, 5, 21.00, '2024-01-28', 14),
(15, 15, 2, 27.00, '2024-01-29', 15),
(16, 16, 3, 24.00, '2024-01-30', 16),
(17, 17, 4, 30.00, '2024-02-01', 17),
(18, 18, 2, 12.90, '2024-02-02', 18),
(19, 19, 3, 25.60, '2024-02-03', 19),
(20, 20, 1, 50.00, '2024-02-04', 20),
(21, 21, 2, 33.00, '2024-02-05', 21),
(22, 22, 4, 10.50, '2024-02-06', 22),
(23, 23, 5, 14.90, '2024-02-07', 23),
(24, 24, 3, 20.30, '2024-02-08', 24),
(25, 25, 2, 16.50, '2024-02-09', 25),
(26, 26, 1, 18.00, '2024-02-10', 26),
(27, 27, 4, 12.80, '2024-02-11', 27),
(28, 28, 5, 28.60, '2024-02-12', 28),
(29, 29, 3, 13.00, '2024-02-13', 29),
(30, 30, 2, 15.50, '2024-02-14', 30),
(31, 31, 1, 35.00, '2024-02-15', 31),
(32, 32, 3, 22.00, '2024-02-16', 32),
(33, 33, 2, 24.20, '2024-02-17', 33),
(34, 34, 5, 12.60, '2024-02-18', 34),
(35, 35, 2, 26.00, '2024-02-19', 35),
(36, 36, 4, 30.50, '2024-02-20', 36),
(37, 37, 3, 28.30, '2024-02-21', 37),
(38, 38, 2, 19.70, '2024-02-22', 38),
(39, 39, 1, 15.00, '2024-02-23', 39),
(40, 40, 5, 22.50, '2024-02-24', 40),
(41, 41, 2, 21.00, '2024-02-25', 41),
(42, 42, 3, 14.90, '2024-02-26', 42),
(43, 43, 1, 26.50, '2024-02-27', 43),
(44, 44, 4, 28.40, '2024-02-28', 44),
(45, 45, 2, 19.80, '2024-03-01', 45),
(46, 46, 3, 22.00, '2024-03-02', 46),
(47, 47, 4, 31.00, '2024-03-03', 47),
(48, 48, 5, 16.90, '2024-03-04', 48),
(49, 49, 3, 23.50, '2024-03-05', 49),
(50, 50, 2, 27.00, '2024-03-06', 50);


INSERT INTO Compras (compra_id, producto_id, cantidad, precio_unitario, fecha_compra, proveedor_id) VALUES
(1, 1, 100, 10.50, '2024-01-05', 1),
(2, 2, 200, 8.75, '2024-01-06', 2),
(3, 3, 150, 15.60, '2024-01-07', 3),
(4, 4, 120, 12.90, '2024-01-08', 4),
(5, 5, 250, 7.30, '2024-01-09', 5),
(6, 6, 80, 20.00, '2024-01-10', 6),
(7, 7, 300, 14.10, '2024-01-11', 7),
(8, 8, 50, 35.50, '2024-01-12', 8),
(9, 9, 90, 22.20, '2024-01-13', 9),
(10, 10, 110, 18.75, '2024-01-14', 10),
(11, 11, 60, 13.40, '2024-01-15', 11),
(12, 12, 130, 9.20, '2024-01-16', 12),
(13, 13, 40, 17.90, '2024-01-17', 13),
(14, 14, 220, 21.50, '2024-01-18', 14),
(15, 15, 180, 25.60, '2024-01-19', 15),
(16, 16, 170, 30.00, '2024-01-20', 16),
(17, 17, 210, 11.80, '2024-01-21', 17),
(18, 18, 190, 27.90, '2024-01-22', 18),
(19, 19, 100, 12.50, '2024-01-23', 19),
(20, 20, 150, 50.00, '2024-01-24', 20),
(21, 21, 120, 22.10, '2024-01-25', 21),
(22, 22, 80, 17.00, '2024-01-26', 22),
(23, 23, 160, 30.50, '2024-01-27', 23),
(24, 24, 70, 10.00, '2024-01-28', 24),
(25, 25, 200, 14.20, '2024-01-29', 25),
(26, 26, 130, 16.70, '2024-01-30', 26),
(27, 27, 180, 9.90, '2024-01-31', 27),
(28, 28, 100, 20.00, '2024-02-01', 28),
(29, 29, 250, 13.90, '2024-02-02', 29),
(30, 30, 140, 24.80, '2024-02-03', 30),
(31, 31, 90, 18.20, '2024-02-04', 31),
(32, 32, 220, 27.40, '2024-02-05', 32),
(33, 33, 160, 19.00, '2024-02-06', 33),
(34, 34, 50, 16.30, '2024-02-07', 34),
(35, 35, 130, 15.00, '2024-02-08', 35),
(36, 36, 180, 28.00, '2024-02-09', 36),
(37, 37, 210, 10.70, '2024-02-10', 37),
(38, 38, 90, 21.80, '2024-02-11', 38),
(39, 39, 100, 22.50, '2024-02-12', 39),
(40, 40, 150, 11.90, '2024-02-13', 40),
(41, 41, 140, 30.10, '2024-02-14', 41),
(42, 42, 110, 19.90, '2024-02-15', 42),
(43, 43, 200, 25.40, '2024-02-16', 43),
(44, 44, 230, 13.60, '2024-02-17', 44),
(45, 45, 150, 17.00, '2024-02-18', 45),
(46, 46, 120, 26.20, '2024-02-19', 46),
(47, 47, 90, 23.50, '2024-02-20', 47),
(48, 48, 130, 18.90, '2024-02-21', 48),
(49, 49, 150, 22.00, '2024-02-22', 49),
(50, 50, 110, 12.30, '2024-02-23', 50);


INSERT INTO Historial_Empleados (historial_id, empleado_id, tipo_cambio, valor_anterior, valor_nuevo, fecha_cambio) VALUES
(1, 1, 'Salario', 2500.00, 2700.00, '2024-01-01'),
(2, 2, 'Salario', 3000.00, 3200.00, '2024-01-02'),
(3, 3, 'Salario', 1800.00, 2000.00, '2024-01-03'),
(4, 4, 'Salario', 2200.00, 2400.00, '2024-01-04'),
(5, 5, 'Salario', 2500.00, 2700.00, '2024-01-05'),
(6, 6, 'Salario', 2800.00, 3000.00, '2024-01-06'),
(7, 7, 'Salario', 2200.00, 2400.00, '2024-01-07'),
(8, 8, 'Salario', 3000.00, 3200.00, '2024-01-08'),
(9, 9, 'Salario', 2000.00, 2200.00, '2024-01-09'),
(10, 10, 'Salario', 2300.00, 2500.00, '2024-01-10'),
(11, 11, 'Salario', 2100.00, 2300.00, '2024-01-11'),
(12, 12, 'Salario', 2800.00, 3000.00, '2024-01-12'),
(13, 13, 'Salario', 2600.00, 2800.00, '2024-01-13'),
(14, 14, 'Salario', 3200.00, 3400.00, '2024-01-14'),
(15, 15, 'Salario', 3500.00, 3700.00, '2024-01-15'),
(16, 16, 'Salario', 2800.00, 3000.00, '2024-01-16'),
(17, 17, 'Salario', 2200.00, 2400.00, '2024-01-17'),
(18, 18, 'Salario', 2400.00, 2600.00, '2024-01-18'),
(19, 19, 'Salario', 3000.00, 3200.00, '2024-01-19'),
(20, 20, 'Salario', 3200.00, 3400.00, '2024-01-20'),
(21, 21, 'Salario', 2000.00, 2200.00, '2024-01-21'),
(22, 22, 'Salario', 2800.00, 3000.00, '2024-01-22'),
(23, 23, 'Salario', 2700.00, 2900.00, '2024-01-23'),
(24, 24, 'Salario', 3000.00, 3200.00, '2024-01-24'),
(25, 25, 'Salario', 3500.00, 3700.00, '2024-01-25'),
(26, 26, 'Salario', 2500.00, 2700.00, '2024-01-26'),
(27, 27, 'Salario', 2800.00, 3000.00, '2024-01-27'),
(28, 28, 'Salario', 2200.00, 2400.00, '2024-01-28'),
(29, 29, 'Salario', 2100.00, 2300.00, '2024-01-29'),
(30, 30, 'Salario', 2400.00, 2600.00, '2024-01-30'),
(31, 31, 'Salario', 3000.00, 3200.00, '2024-02-01'),
(32, 32, 'Salario', 2600.00, 2800.00, '2024-02-02'),
(33, 33, 'Salario', 2300.00, 2500.00, '2024-02-03'),
(34, 34, 'Salario', 2200.00, 2400.00, '2024-02-04'),
(35, 35, 'Salario', 3000.00, 3200.00, '2024-02-05'),
(36, 36, 'Salario', 2500.00, 2700.00, '2024-02-06'),
(37, 37, 'Salario', 2200.00, 2400.00, '2024-02-07'),
(38, 38, 'Salario', 2300.00, 2500.00, '2024-02-08'),
(39, 39, 'Salario', 2100.00, 2300.00, '2024-02-09'),
(40, 40, 'Salario', 2500.00, 2700.00, '2024-02-10'),
(41, 41, 'Salario', 3000.00, 3200.00, '2024-02-11'),
(42, 42, 'Salario', 2800.00, 3000.00, '2024-02-12'),
(43, 43, 'Salario', 2200.00, 2400.00, '2024-02-13'),
(44, 44, 'Salario', 2300.00, 2500.00, '2024-02-14'),
(45, 45, 'Salario', 2500.00, 2700.00, '2024-02-15'),
(46, 46, 'Salario', 2800.00, 3000.00, '2024-02-16'),
(47, 47, 'Salario', 3200.00, 3400.00, '2024-02-17'),
(48, 48, 'Salario', 3500.00, 3700.00, '2024-02-18'),
(49, 49, 'Salario', 2200.00, 2400.00, '2024-02-19'),
(50, 50, 'Salario', 2100.00, 2300.00, '2024-02-20');


INSERT INTO Asignacion_Maquinaria (asignacion_id, maquinaria_id, tarea_id, fecha_inicio, fecha_fin, estado) VALUES
(1, 1, 1, '2024-01-01', '2024-01-05', 'En progreso'),
(2, 2, 2, '2024-01-02', '2024-01-06', 'Completada'),
(3, 3, 3, '2024-01-03', '2024-01-07', 'En progreso'),
(4, 4, 4, '2024-01-04', '2024-01-08', 'Completada'),
(5, 5, 5, '2024-01-05', '2024-01-09', 'Pendiente'),
(6, 6, 6, '2024-01-06', '2024-01-10', 'En progreso'),
(7, 7, 7, '2024-01-07', '2024-01-11', 'Completada'),
(8, 8, 8, '2024-01-08', '2024-01-12', 'Pendiente'),
(9, 9, 9, '2024-01-09', '2024-01-13', 'En progreso'),
(10, 10, 10, '2024-01-10', '2024-01-14', 'Completada'),
(11, 1, 11, '2024-01-11', '2024-01-15', 'En progreso'),
(12, 2, 12, '2024-01-12', '2024-01-16', 'Pendiente'),
(13, 3, 13, '2024-01-13', '2024-01-17', 'Completada'),
(14, 4, 14, '2024-01-14', '2024-01-18', 'En progreso'),
(15, 5, 15, '2024-01-15', '2024-01-19', 'Pendiente'),
(16, 6, 16, '2024-01-16', '2024-01-20', 'En progreso'),
(17, 7, 17, '2024-01-17', '2024-01-21', 'Completada'),
(18, 8, 18, '2024-01-18', '2024-01-22', 'Pendiente'),
(19, 9, 19, '2024-01-19', '2024-01-23', 'En progreso'),
(20, 10, 20, '2024-01-20', '2024-01-24', 'Completada'),
(21, 1, 21, '2024-01-21', '2024-01-25', 'En progreso'),
(22, 2, 22, '2024-01-22', '2024-01-26', 'Pendiente'),
(23, 3, 23, '2024-01-23', '2024-01-27', 'Completada'),
(24, 4, 24, '2024-01-24', '2024-01-28', 'En progreso'),
(25, 5, 25, '2024-01-25', '2024-01-29', 'Pendiente'),
(26, 6, 26, '2024-01-26', '2024-01-30', 'En progreso'),
(27, 7, 27, '2024-01-27', '2024-01-31', 'Completada'),
(28, 8, 28, '2024-01-28', '2024-02-01', 'Pendiente'),
(29, 9, 29, '2024-01-29', '2024-02-02', 'En progreso'),
(30, 10, 30, '2024-01-30', '2024-02-03', 'Completada'),
(31, 1, 31, '2024-02-01', '2024-02-05', 'En progreso'),
(32, 2, 32, '2024-02-02', '2024-02-06', 'Pendiente'),
(33, 3, 33, '2024-02-03', '2024-02-07', 'Completada'),
(34, 4, 34, '2024-02-04', '2024-02-08', 'En progreso'),
(35, 5, 35, '2024-02-05', '2024-02-09', 'Pendiente'),
(36, 6, 36, '2024-02-06', '2024-02-10', 'En progreso'),
(37, 7, 37, '2024-02-07', '2024-02-11', 'Completada'),
(38, 8, 38, '2024-02-08', '2024-02-12', 'Pendiente'),
(39, 9, 39, '2024-02-09', '2024-02-13', 'En progreso'),
(40, 10, 40, '2024-02-10', '2024-02-14', 'Completada'),
(41, 1, 41, '2024-02-11', '2024-02-15', 'En progreso'),
(42, 2, 42, '2024-02-12', '2024-02-16', 'Pendiente'),
(43, 3, 43, '2024-02-13', '2024-02-17', 'Completada'),
(44, 4, 44, '2024-02-14', '2024-02-18', 'En progreso'),
(45, 5, 45, '2024-02-15', '2024-02-19', 'Pendiente'),
(46, 6, 46, '2024-02-16', '2024-02-20', 'En progreso'),
(47, 7, 47, '2024-02-17', '2024-02-21', 'Completada'),
(48, 8, 48, '2024-02-18', '2024-02-22', 'Pendiente'),
(49, 9, 49, '2024-02-19', '2024-02-23', 'En progreso'),
(50, 10, 50, '2024-02-20', '2024-02-24', 'Completada');


INSERT INTO Mantenimiento_Maquinaria (mantenimiento_id, maquinaria_id, fecha_mantenimiento, tipo_mantenimiento, costo, descripcion) VALUES
(1, 1, '2024-01-15', 'Preventivo', 1200.50, 'Cambio de filtros y revisión general de motor.'),
(2, 2, '2024-01-16', 'Correctivo', 850.00, 'Reemplazo de piezas del sistema hidráulico.'),
(3, 3, '2024-01-17', 'Preventivo', 1000.75, 'Revisión y calibración de sistema de frenos.'),
(4, 4, '2024-01-18', 'Correctivo', 1300.30, 'Reparación del motor y ajuste del sistema eléctrico.'),
(5, 5, '2024-01-19', 'Preventivo', 1100.00, 'Chequeo de neumáticos y alineación de ruedas.'),
(6, 6, '2024-01-20', 'Correctivo', 950.25, 'Reemplazo de batería y reparación del sistema de arranque.'),
(7, 7, '2024-01-21', 'Preventivo', 1250.00, 'Inspección general de los componentes hidráulicos.'),
(8, 8, '2024-01-22', 'Correctivo', 1050.40, 'Reparación de sistema de dirección y suspensión.'),
(9, 9, '2024-01-23', 'Preventivo', 1150.00, 'Mantenimiento de sistema de refrigeración y cambio de aceite.'),
(10, 10, '2024-01-24', 'Correctivo', 1400.60, 'Reemplazo de piezas en el sistema de transmisión.'),
(11, 1, '2024-02-10', 'Preventivo', 980.00, 'Revisión del sistema de suspensión y frenos.'),
(12, 2, '2024-02-11', 'Correctivo', 1020.75, 'Reemplazo del sistema eléctrico por fallas en las conexiones.'),
(13, 3, '2024-02-12', 'Preventivo', 880.50, 'Inspección y ajuste de los frenos y el motor.'),
(14, 4, '2024-02-13', 'Correctivo', 1350.90, 'Reparación del sistema hidráulico por fuga de aceite.'),
(15, 5, '2024-02-14', 'Preventivo', 1250.25, 'Chequeo general del sistema de climatización.'),
(16, 6, '2024-02-15', 'Correctivo', 950.40, 'Reemplazo de los pistones del sistema de suspensión.'),
(17, 7, '2024-02-16', 'Preventivo', 1200.00, 'Ajustes de las correas del motor y revisión de los filtros.'),
(18, 8, '2024-02-17', 'Correctivo', 1055.20, 'Reparación de sistema de frenos por fallos en la bomba hidráulica.'),
(19, 9, '2024-02-18', 'Preventivo', 1150.50, 'Revisión de la caja de cambios y cambio de fluidos.'),
(20, 10, '2024-02-19', 'Correctivo', 1385.00, 'Cambio de llantas y alineación del sistema de dirección.'),
(21, 1, '2024-03-01', 'Preventivo', 960.50, 'Cambio de aceite y revisión del sistema de frenos.'),
(22, 2, '2024-03-02', 'Correctivo', 950.75, 'Reparación del sistema eléctrico y recarga de batería.'),
(23, 3, '2024-03-03', 'Preventivo', 900.00, 'Alineación de las ruedas y revisión del motor.'),
(24, 4, '2024-03-04', 'Correctivo', 1250.00, 'Reemplazo de la bomba hidráulica.'),
(25, 5, '2024-03-05', 'Preventivo', 1300.00, 'Revisión de frenos y chequeo de sistema de dirección.'),
(26, 6, '2024-03-06', 'Correctivo', 1020.25, 'Reparación del sistema de transmisión por fallo en engranajes.'),
(27, 7, '2024-03-07', 'Preventivo', 1100.00, 'Revisión de los componentes eléctricos y sistema de frenos.'),
(28, 8, '2024-03-08', 'Correctivo', 1200.75, 'Reemplazo de los amortiguadores y revisión del sistema de dirección.'),
(29, 9, '2024-03-09', 'Preventivo', 1150.40, 'Mantenimiento de sistema de suspensión y frenos.'),
(30, 10, '2024-03-10', 'Correctivo', 1335.60, 'Reparación de la transmisión y cambio de aceite.'),
(31, 1, '2024-04-01', 'Preventivo', 1100.00, 'Chequeo de motor y suspensión.'),
(32, 2, '2024-04-02', 'Correctivo', 1250.50, 'Reparación del sistema hidráulico y revisión de los frenos.'),
(33, 3, '2024-04-03', 'Preventivo', 1050.00, 'Ajuste de las correas y revisión del sistema eléctrico.'),
(34, 4, '2024-04-04', 'Correctivo', 1400.00, 'Reemplazo de la bomba de agua y revisión del sistema de refrigeración.'),
(35, 5, '2024-04-05', 'Preventivo', 1150.00, 'Inspección del sistema de dirección y frenos.'),
(36, 6, '2024-04-06', 'Correctivo', 1080.00, 'Reemplazo de piezas defectuosas en el sistema de transmisión.'),
(37, 7, '2024-04-07', 'Preventivo', 1300.50, 'Chequeo de sistema de suspensión y frenos.'),
(38, 8, '2024-04-08', 'Correctivo', 1100.00, 'Reemplazo de las llantas y alineación de ruedas.'),
(39, 9, '2024-04-09', 'Preventivo', 1200.00, 'Revisión del sistema de refrigeración y el motor.'),
(40, 10, '2024-04-10', 'Correctivo', 1350.60, 'Reparación del sistema hidráulico por pérdida de presión.'),
(41, 1, '2024-05-01', 'Preventivo', 1250.00, 'Revisión general de frenos y suspensión.'),
(42, 2, '2024-05-02', 'Correctivo', 1025.00, 'Reemplazo de la batería y reparación de sistema de arranque.'),
(43, 3, '2024-05-03', 'Preventivo', 950.75, 'Alineación y balanceo de ruedas, revisión de motor.'),
(44, 4, '2024-05-04', 'Correctivo', 1400.50, 'Reparación del sistema de transmisión por desajuste.'),
(45, 5, '2024-05-05', 'Preventivo', 1100.00, 'Cambio de aceite y revisión general de sistema de frenos.'),
(46, 6, '2024-05-06', 'Correctivo', 1050.25, 'Reemplazo de piezas del sistema hidráulico.'),
(47, 7, '2024-05-07', 'Preventivo', 1200.00, 'Revisión de frenos y del motor.'),
(48, 8, '2024-05-08', 'Correctivo', 1150.50, 'Reparación del sistema de frenos y dirección.'),
(49, 9, '2024-05-09', 'Preventivo', 1250.00, 'Inspección general de motor y transmisión.'),
(50, 10, '2024-05-10', 'Correctivo', 1300.50, 'Reemplazo de piezas en el sistema de frenos.');


INSERT INTO Costos_Operativos (costo_id, tipo_costo, monto, fecha) VALUES
(1, 'Mantenimiento de maquinaria', 1500.00, '2024-01-15'),
(2, 'Sueldos y salarios', 25000.00, '2024-01-15'),
(3, 'Compra de repuestos', 3500.00, '2024-01-16'),
(4, 'Alquiler de equipo', 1200.00, '2024-01-16'),
(5, 'Gastos de transporte', 850.00, '2024-01-17'),
(6, 'Combustible', 2000.00, '2024-01-17'),
(7, 'Servicios públicos', 800.00, '2024-01-18'),
(8, 'Seguros', 1200.00, '2024-01-18'),
(9, 'Material de oficina', 300.00, '2024-01-19'),
(10, 'Publicidad y marketing', 2500.00, '2024-01-19'),
(11, 'Gastos de mantenimiento de edificios', 1500.00, '2024-02-01'),
(12, 'Sueldos y salarios', 25500.00, '2024-02-01'),
(13, 'Compra de repuestos', 3300.00, '2024-02-02'),
(14, 'Alquiler de equipo', 1250.00, '2024-02-02'),
(15, 'Gastos de transporte', 900.00, '2024-02-03'),
(16, 'Combustible', 2100.00, '2024-02-03'),
(17, 'Servicios públicos', 850.00, '2024-02-04'),
(18, 'Seguros', 1300.00, '2024-02-04'),
(19, 'Material de oficina', 320.00, '2024-02-05'),
(20, 'Publicidad y marketing', 2700.00, '2024-02-05'),
(21, 'Gastos de mantenimiento de edificios', 1600.00, '2024-03-01'),
(22, 'Sueldos y salarios', 26000.00, '2024-03-01'),
(23, 'Compra de repuestos', 3100.00, '2024-03-02'),
(24, 'Alquiler de equipo', 1300.00, '2024-03-02'),
(25, 'Gastos de transporte', 950.00, '2024-03-03'),
(26, 'Combustible', 2200.00, '2024-03-03'),
(27, 'Servicios públicos', 900.00, '2024-03-04'),
(28, 'Seguros', 1400.00, '2024-03-04'),
(29, 'Material de oficina', 350.00, '2024-03-05'),
(30, 'Publicidad y marketing', 2900.00, '2024-03-05'),
(31, 'Gastos de mantenimiento de edificios', 1700.00, '2024-04-01'),
(32, 'Sueldos y salarios', 26500.00, '2024-04-01'),
(33, 'Compra de repuestos', 2900.00, '2024-04-02'),
(34, 'Alquiler de equipo', 1350.00, '2024-04-02'),
(35, 'Gastos de transporte', 1000.00, '2024-04-03'),
(36, 'Combustible', 2300.00, '2024-04-03'),
(37, 'Servicios públicos', 950.00, '2024-04-04'),
(38, 'Seguros', 1500.00, '2024-04-04'),
(39, 'Material de oficina', 380.00, '2024-04-05'),
(40, 'Publicidad y marketing', 3100.00, '2024-04-05'),
(41, 'Gastos de mantenimiento de edificios', 1800.00, '2024-05-01'),
(42, 'Sueldos y salarios', 27000.00, '2024-05-01'),
(43, 'Compra de repuestos', 2800.00, '2024-05-02'),
(44, 'Alquiler de equipo', 1400.00, '2024-05-02'),
(45, 'Gastos de transporte', 1050.00, '2024-05-03'),
(46, 'Combustible', 2400.00, '2024-05-03'),
(47, 'Servicios públicos', 1000.00, '2024-05-04'),
(48, 'Seguros', 1600.00, '2024-05-04'),
(49, 'Material de oficina', 400.00, '2024-05-05'),
(50, 'Publicidad y marketing', 3300.00, '2024-05-05');


INSERT INTO Pagos_Proveedores (pago_id, proveedor_id, monto, fecha_pago, metodo_pago) VALUES
(1, 1, 1500.00, '2024-01-15', 'Transferencia bancaria'),
(2, 2, 2500.00, '2024-01-16', 'Cheque'),
(3, 3, 3500.00, '2024-01-17', 'Transferencia bancaria'),
(4, 4, 1200.00, '2024-01-18', 'Efectivo'),
(5, 5, 850.00, '2024-01-19', 'Transferencia bancaria'),
(6, 6, 2000.00, '2024-01-20', 'Cheque'),
(7, 7, 800.00, '2024-01-21', 'Transferencia bancaria'),
(8, 8, 1200.00, '2024-01-22', 'Efectivo'),
(9, 9, 300.00, '2024-01-23', 'Cheque'),
(10, 10, 2500.00, '2024-01-24', 'Transferencia bancaria'),
(11, 11, 1500.00, '2024-02-01', 'Transferencia bancaria'),
(12, 12, 2550.00, '2024-02-02', 'Cheque'),
(13, 13, 3300.00, '2024-02-03', 'Transferencia bancaria'),
(14, 14, 1250.00, '2024-02-04', 'Efectivo'),
(15, 15, 900.00, '2024-02-05', 'Transferencia bancaria'),
(16, 16, 2100.00, '2024-02-06', 'Cheque'),
(17, 17, 850.00, '2024-02-07', 'Transferencia bancaria'),
(18, 18, 1300.00, '2024-02-08', 'Efectivo'),
(19, 19, 320.00, '2024-02-09', 'Cheque'),
(20, 20, 2700.00, '2024-02-10', 'Transferencia bancaria'),
(21, 21, 1600.00, '2024-03-01', 'Transferencia bancaria'),
(22, 22, 2650.00, '2024-03-02', 'Cheque'),
(23, 23, 3100.00, '2024-03-03', 'Transferencia bancaria'),
(24, 24, 1350.00, '2024-03-04', 'Efectivo'),
(25, 25, 950.00, '2024-03-05', 'Transferencia bancaria'),
(26, 26, 2200.00, '2024-03-06', 'Cheque'),
(27, 27, 900.00, '2024-03-07', 'Transferencia bancaria'),
(28, 28, 1400.00, '2024-03-08', 'Efectivo'),
(29, 29, 350.00, '2024-03-09', 'Cheque'),
(30, 30, 2900.00, '2024-03-10', 'Transferencia bancaria'),
(31, 31, 1700.00, '2024-04-01', 'Transferencia bancaria'),
(32, 32, 2650.00, '2024-04-02', 'Cheque'),
(33, 33, 2800.00, '2024-04-03', 'Transferencia bancaria'),
(34, 34, 1400.00, '2024-04-04', 'Efectivo'),
(35, 35, 1050.00, '2024-04-05', 'Transferencia bancaria'),
(36, 36, 2300.00, '2024-04-06', 'Cheque'),
(37, 37, 950.00, '2024-04-07', 'Transferencia bancaria'),
(38, 38, 1500.00, '2024-04-08', 'Efectivo'),
(39, 39, 380.00, '2024-04-09', 'Cheque'),
(40, 40, 3100.00, '2024-04-10', 'Transferencia bancaria'),
(41, 41, 1800.00, '2024-05-01', 'Transferencia bancaria'),
(42, 42, 2700.00, '2024-05-02', 'Cheque'),
(43, 43, 2900.00, '2024-05-03', 'Transferencia bancaria'),
(44, 44, 1400.00, '2024-05-04', 'Efectivo'),
(45, 45, 1050.00, '2024-05-05', 'Transferencia bancaria'),
(46, 46, 2400.00, '2024-05-06', 'Cheque'),
(47, 47, 1000.00, '2024-05-07', 'Transferencia bancaria'),
(48, 48, 1600.00, '2024-05-08', 'Efectivo'),
(49, 49, 400.00, '2024-05-09', 'Cheque'),
(50, 50, 3300.00, '2024-05-10', 'Transferencia bancaria');


INSERT INTO Pagos_Empleados (pago_id, empleado_id, monto, fecha_pago, metodo_pago) VALUES
(1, 1, 3000.00, '2024-01-15', 'Transferencia bancaria'),
(2, 2, 3500.00, '2024-01-16', 'Efectivo'),
(3, 3, 2800.00, '2024-01-17', 'Cheque'),
(4, 4, 4500.00, '2024-01-18', 'Transferencia bancaria'),
(5, 5, 3800.00, '2024-01-19', 'Efectivo'),
(6, 6, 3200.00, '2024-01-20', 'Cheque'),
(7, 7, 3600.00, '2024-01-21', 'Transferencia bancaria'),
(8, 8, 4200.00, '2024-01-22', 'Efectivo'),
(9, 9, 2900.00, '2024-01-23', 'Cheque'),
(10, 10, 5000.00, '2024-01-24', 'Transferencia bancaria'),
(11, 11, 3100.00, '2024-02-01', 'Transferencia bancaria'),
(12, 12, 3600.00, '2024-02-02', 'Efectivo'),
(13, 13, 3300.00, '2024-02-03', 'Cheque'),
(14, 14, 4700.00, '2024-02-04', 'Transferencia bancaria'),
(15, 15, 4000.00, '2024-02-05', 'Efectivo'),
(16, 16, 3500.00, '2024-02-06', 'Cheque'),
(17, 17, 3700.00, '2024-02-07', 'Transferencia bancaria'),
(18, 18, 4200.00, '2024-02-08', 'Efectivo'),
(19, 19, 3100.00, '2024-02-09', 'Cheque'),
(20, 20, 5200.00, '2024-02-10', 'Transferencia bancaria'),
(21, 21, 3300.00, '2024-03-01', 'Transferencia bancaria'),
(22, 22, 3800.00, '2024-03-02', 'Efectivo'),
(23, 23, 3000.00, '2024-03-03', 'Cheque'),
(24, 24, 4900.00, '2024-03-04', 'Transferencia bancaria'),
(25, 25, 4300.00, '2024-03-05', 'Efectivo'),
(26, 26, 3700.00, '2024-03-06', 'Cheque'),
(27, 27, 3800.00, '2024-03-07', 'Transferencia bancaria'),
(28, 28, 4500.00, '2024-03-08', 'Efectivo'),
(29, 29, 3200.00, '2024-03-09', 'Cheque'),
(30, 30, 5100.00, '2024-03-10', 'Transferencia bancaria'),
(31, 31, 3400.00, '2024-04-01', 'Transferencia bancaria'),
(32, 32, 3900.00, '2024-04-02', 'Efectivo'),
(33, 33, 3200.00, '2024-04-03', 'Cheque'),
(34, 34, 4800.00, '2024-04-04', 'Transferencia bancaria'),
(35, 35, 4200.00, '2024-04-05', 'Efectivo'),
(36, 36, 3700.00, '2024-04-06', 'Cheque'),
(37, 37, 3900.00, '2024-04-07', 'Transferencia bancaria'),
(38, 38, 4600.00, '2024-04-08', 'Efectivo'),
(39, 39, 3300.00, '2024-04-09', 'Cheque'),
(40, 40, 5300.00, '2024-04-10', 'Transferencia bancaria'),
(41, 41, 3500.00, '2024-05-01', 'Transferencia bancaria'),
(42, 42, 4000.00, '2024-05-02', 'Efectivo'),
(43, 43, 3300.00, '2024-05-03', 'Cheque'),
(44, 44, 4900.00, '2024-05-04', 'Transferencia bancaria'),
(45, 45, 4200.00, '2024-05-05', 'Efectivo'),
(46, 46, 3700.00, '2024-05-06', 'Cheque'),
(47, 47, 3800.00, '2024-05-07', 'Transferencia bancaria'),
(48, 48, 4600.00, '2024-05-08', 'Efectivo'),
(49, 49, 3400.00, '2024-05-09', 'Cheque'),
(50, 50, 5500.00, '2024-05-10', 'Transferencia bancaria');



INSERT INTO Roles (rol_id, nombre_rol, descripcion) VALUES
(1, 'Administrador', 'Responsable de gestionar todos los aspectos de la empresa, incluyendo acceso total a los sistemas.'),
(2, 'Gerente', 'Encargado de supervisar y coordinar las actividades de los departamentos dentro de la empresa.'),
(3, 'Vendedor', 'Encargado de interactuar directamente con los clientes, realizando ventas y gestionando pedidos.'),
(4, 'Contador', 'Encargado de llevar los registros financieros, realizar auditorías y preparar informes contables.'),
(5, 'Asistente de ventas', 'Apoya al vendedor en la gestión de pedidos, atención al cliente y seguimiento de ventas.'),
(6, 'Técnico', 'Encargado de realizar tareas técnicas o de mantenimiento de maquinaria y equipos en la empresa.'),
(7, 'Analista', 'Responsable de analizar datos y generar informes de rendimiento para tomar decisiones informadas.'),
(8, 'Recepcionista', 'Se encarga de la atención inicial a los clientes y de coordinar citas y llamadas.'),
(9, 'Director de Recursos Humanos', 'Supervisa la gestión de personal, contratación, capacitación y bienestar de los empleados.'),
(10, 'Desarrollador', 'Responsable del desarrollo de software, aplicaciones y mantenimiento de sistemas informáticos.'),
(11, 'Supervisor de almacén', 'Supervisa la organización, el almacenamiento y el despacho de productos en el almacén.'),
(12, 'Jefe de producción', 'Supervisa el proceso de producción, asegura la calidad y el cumplimiento de los plazos.'),
(13, 'Asistente de producción', 'Apoya al equipo de producción en la organización de las tareas diarias y control de calidad.'),
(14, 'Director de operaciones', 'Encargado de supervisar la gestión general de las operaciones y los recursos de la empresa.'),
(15, 'Coordinador de logística', 'Gestiona la distribución y transporte de productos, asegurando una logística eficiente.'),
(16, 'Tesorero', 'Responsable de la gestión de los fondos de la empresa, inversiones y planificación financiera.'),
(17, 'Jefe de marketing', 'Supervisa las estrategias de marketing y promoción para aumentar las ventas de la empresa.'),
(18, 'Community Manager', 'Gestiona las redes sociales y la comunicación digital de la empresa.'),
(19, 'Chef', 'Responsable de la preparación de alimentos, control de calidad y supervisión de la cocina.'),
(20, 'Ayudante de cocina', 'Apoya en la preparación de alimentos, limpieza y organización de la cocina.'),
(21, 'Camarero', 'Atiende a los clientes en el área de restaurante, toma pedidos y sirve alimentos.'),
(22, 'Barista', 'Prepara y sirve bebidas como café y té a los clientes del establecimiento.'),
(23, 'Jefe de seguridad', 'Supervisa las operaciones de seguridad y controla el acceso a las instalaciones de la empresa.'),
(24, 'Guardia de seguridad', 'Encargado de patrullar, monitorear las instalaciones y asegurar la seguridad de las personas y bienes.'),
(25, 'Director de tecnología', 'Encargado de supervisar las estrategias tecnológicas y la infraestructura de IT de la empresa.'),
(26, 'Soporte técnico', 'Brinda asistencia técnica a empleados y clientes en relación con los sistemas de la empresa.'),
(27, 'Gestor de calidad', 'Responsable de implementar y mantener sistemas de gestión de calidad en los procesos de producción.'),
(28, 'Analista de recursos humanos', 'Se encarga de apoyar la gestión de personal, evaluaciones y el desarrollo organizacional.'),
(29, 'Asesor legal', 'Brinda asesoría legal a la empresa y se encarga de los temas legales y contractuales.'),
(30, 'Consultor externo', 'Proporciona asesoramiento especializado en áreas específicas de la empresa.'),
(31, 'Inspector de calidad', 'Supervisa que los productos o servicios cumplan con los estándares de calidad requeridos.'),
(32, 'Director comercial', 'Encargado de las estrategias comerciales y supervisión de las ventas a nivel empresarial.'),
(33, 'Vigilante nocturno', 'Se encarga de la seguridad durante la noche, realizando rondas de control.'),
(34, 'Ejecutivo de ventas', 'Responsable de gestionar las relaciones con los clientes y realizar ventas directas.'),
(35, 'Gerente de proyectos', 'Supervisa la ejecución de proyectos dentro de la empresa, asegurando su cumplimiento.'),
(36, 'Operario de producción', 'Participa en el proceso de producción, operando maquinaria y realizando tareas manuales.'),
(37, 'Capacitador', 'Responsable de impartir formación y capacitación a los empleados en diversos aspectos.'),
(38, 'Técnico de mantenimiento', 'Realiza mantenimiento preventivo y correctivo de equipos y maquinaria.'),
(39, 'Operador de maquinaria', 'Se encarga de operar maquinaria especializada en el proceso de producción.'),
(40, 'Recepcionista de hotel', 'Atiende a los huéspedes del hotel, gestionando reservas, check-ins y check-outs.'),
(41, 'Director de ventas', 'Responsable de establecer metas de ventas y coordinar las actividades del equipo de ventas.'),
(42, 'Gerente de ventas', 'Supervisa al equipo de ventas, desarrollando estrategias para alcanzar los objetivos de la empresa.'),
(43, 'Director financiero', 'Gestiona las finanzas de la empresa, controlando ingresos, egresos e inversiones.'),
(44, 'Ejecutivo de cuentas', 'Se encarga de gestionar las cuentas de clientes importantes y asegurar la satisfacción.'),
(45, 'Chef de pastelería', 'Especializado en la creación y preparación de postres y productos de pastelería.'),
(46, 'Técnico de IT', 'Se encarga del soporte y mantenimiento de los sistemas informáticos de la empresa.'),
(47, 'Asesor comercial', 'Asiste a los clientes en la elección de productos y servicios, ofreciendo recomendaciones.'),
(48, 'Administrador de bases de datos', 'Gestiona y mantiene las bases de datos de la empresa, asegurando su funcionamiento adecuado.'),
(49, 'Jefe de compras', 'Responsable de gestionar las compras y negociar con proveedores para obtener los mejores precios.'),
(50, 'Supervisor de tienda', 'Supervisa las operaciones diarias en una tienda, asegurando un servicio al cliente de calidad.');



INSERT INTO Usuarios (usuario_id, nombre_usuario, contrasena, rol_id) VALUES
(1, 'admin_juan', 'admin1234', 1),
(2, 'gerente_maria', 'gerente@123', 2),
(3, 'vendedor_luis', 'vendedor2024', 3),
(4, 'contador_ana', 'contador2024', 4),
(5, 'asistente_pablo', 'asistente@2024', 5),
(6, 'tecnico_jorge', 'tecnico9876', 6),
(7, 'analista_carla', 'analista&2024', 7),
(8, 'recepcionista_jorge', 'recep@123', 8),
(9, 'rh_lucia', 'rh@2024', 9),
(10, 'desarrollador_miguel', 'devpass#2024', 10),
(11, 'supervisor_juan', 'supervisor1', 11),
(12, 'jefe_produccion_carlos', 'produccion2024', 12),
(13, 'asistente_produccion_sofia', 'asistente@produccion', 13),
(14, 'director_operaciones_raquel', 'directora2024', 14),
(15, 'logistica_pablo', 'logistica_21', 15),
(16, 'tesorero_jorge', 'tesorero#2024', 16),
(17, 'marketing_claudia', 'marketing@2024', 17),
(18, 'community_manager_maria', 'comunitaria#2024', 18),
(19, 'chef_eduardo', 'chef2024', 19),
(20, 'barista_carmen', 'barista1234', 20),
(21, 'camarero_juan', 'camarero2024', 21),
(22, 'barista_martin', 'coffee&barista2024', 22),
(23, 'seguridad_vicente', 'seguridad_456', 23),
(24, 'vigilante_noche_sergio', 'vigilante_noche2024', 24),
(25, 'it_juan', 'it_pass@123', 25),
(26, 'soporte_jose', 'soporte@2024', 26),
(27, 'gestor_calidad_pedro', 'calidad2024', 27),
(28, 'recursos_humanos_lilian', 'recursos_humanos@2024', 28),
(29, 'asesor_legal_alicia', 'legal@asesoria2024', 29),
(30, 'consultor_externo_david', 'consultor@2024', 30),
(31, 'inspector_calidad_marta', 'inspector@calidad2024', 31),
(32, 'director_comercial_carlos', 'comercial2024', 32),
(33, 'ejecutivo_ventas_julia', 'ventas@ejecutiva2024', 33),
(34, 'gerente_ventas_rafael', 'ventas@gerente2024', 34),
(35, 'director_financiero_miguel', 'financiero@2024', 35),
(36, 'ejecutivo_cuentas_paola', 'cuentas@ejecutiva2024', 36),
(37, 'chef_pasteleria_ana', 'pastelero#2024', 37),
(38, 'tecnico_it_felipe', 'it_pass@felipe2024', 38),
(39, 'asesor_comercial_andres', 'comercial@asesor2024', 39),
(40, 'desarrollador_db_jose', 'dbdeveloper#2024', 40),
(41, 'jefe_compras_olga', 'compras@jefe2024', 41),
(42, 'supervisor_tienda_natalia', 'tienda@supervisor2024', 42),
(43, 'director_tecnologia_martin', 'tecnologia@2024', 43),
(44, 'gerente_rrhh_raul', 'rrhh@gerente2024', 44),
(45, 'analista_financiero_laura', 'finanzas@analista2024', 45),
(46, 'director_ventas_lucia', 'ventas2024@lucia', 46),
(47, 'ejecutivo_ventas_claudia', 'ventas@ejecutiva2024', 47),
(48, 'jefe_proyectos_ivan', 'proyectos2024@ivan', 48),
(49, 'gerente_marketing_monica', 'marketing@gerente2024', 49),
(50, 'gerente_administrativo_paula', 'admin@2024', 50);


INSERT INTO Historial_Ventas (historial_id, venta_id, tipo_cambio, valor_anterior, valor_nuevo, fecha_cambio) VALUES
(1, 1, 'Descuento aplicado', 500.00, 450.00, '2024-01-15'),
(2, 2, 'Descuento aplicado', 1200.00, 1100.00, '2024-01-16'),
(3, 3, 'Ajuste por error', 750.00, 700.00, '2024-01-17'),
(4, 4, 'Ajuste por error', 300.00, 320.00, '2024-01-18'),
(5, 5, 'Descuento aplicado', 950.00, 900.00, '2024-01-19'),
(6, 6, 'Cambio de precio', 1500.00, 1600.00, '2024-01-20'),
(7, 7, 'Cambio de precio', 400.00, 430.00, '2024-01-21'),
(8, 8, 'Descuento aplicado', 200.00, 180.00, '2024-01-22'),
(9, 9, 'Cambio de precio', 2200.00, 2100.00, '2024-01-23'),
(10, 10, 'Descuento aplicado', 600.00, 580.00, '2024-01-24'),
(11, 11, 'Ajuste por error', 1200.00, 1150.00, '2024-01-25'),
(12, 12, 'Cambio de precio', 1000.00, 1050.00, '2024-01-26'),
(13, 13, 'Descuento aplicado', 800.00, 750.00, '2024-01-27'),
(14, 14, 'Descuento aplicado', 600.00, 550.00, '2024-01-28'),
(15, 15, 'Cambio de precio', 900.00, 950.00, '2024-01-29'),
(16, 16, 'Ajuste por error', 700.00, 730.00, '2024-01-30'),
(17, 17, 'Cambio de precio', 850.00, 880.00, '2024-02-01'),
(18, 18, 'Descuento aplicado', 950.00, 900.00, '2024-02-02'),
(19, 19, 'Ajuste por error', 400.00, 420.00, '2024-02-03'),
(20, 20, 'Descuento aplicado', 500.00, 480.00, '2024-02-04'),
(21, 21, 'Descuento aplicado', 1400.00, 1300.00, '2024-02-05'),
(22, 22, 'Cambio de precio', 2200.00, 2300.00, '2024-02-06'),
(23, 23, 'Ajuste por error', 1100.00, 1150.00, '2024-02-07'),
(24, 24, 'Descuento aplicado', 600.00, 570.00, '2024-02-08'),
(25, 25, 'Descuento aplicado', 700.00, 680.00, '2024-02-09'),
(26, 26, 'Ajuste por error', 300.00, 320.00, '2024-02-10'),
(27, 27, 'Descuento aplicado', 1500.00, 1450.00, '2024-02-11'),
(28, 28, 'Cambio de precio', 800.00, 850.00, '2024-02-12'),
(29, 29, 'Descuento aplicado', 1000.00, 950.00, '2024-02-13'),
(30, 30, 'Cambio de precio', 1200.00, 1250.00, '2024-02-14'),
(31, 31, 'Ajuste por error', 500.00, 520.00, '2024-02-15'),
(32, 32, 'Descuento aplicado', 1800.00, 1700.00, '2024-02-16'),
(33, 33, 'Descuento aplicado', 600.00, 580.00, '2024-02-17'),
(34, 34, 'Cambio de precio', 1500.00, 1550.00, '2024-02-18'),
(35, 35, 'Ajuste por error', 200.00, 210.00, '2024-02-19'),
(36, 36, 'Descuento aplicado', 700.00, 670.00, '2024-02-20'),
(37, 37, 'Cambio de precio', 1200.00, 1250.00, '2024-02-21'),
(38, 38, 'Ajuste por error', 800.00, 820.00, '2024-02-22'),
(39, 39, 'Descuento aplicado', 900.00, 860.00, '2024-02-23'),
(40, 40, 'Cambio de precio', 1100.00, 1150.00, '2024-02-24'),
(41, 41, 'Descuento aplicado', 1800.00, 1700.00, '2024-02-25'),
(42, 42, 'Ajuste por error', 1500.00, 1550.00, '2024-02-26'),
(43, 43, 'Descuento aplicado', 700.00, 650.00, '2024-02-27'),
(44, 44, 'Cambio de precio', 800.00, 850.00, '2024-02-28'),
(45, 45, 'Ajuste por error', 1000.00, 1020.00, '2024-02-29'),
(46, 46, 'Descuento aplicado', 500.00, 460.00, '2024-03-01'),
(47, 47, 'Cambio de precio', 1200.00, 1300.00, '2024-03-02'),
(48, 48, 'Descuento aplicado', 700.00, 670.00, '2024-03-03'),
(49, 49, 'Ajuste por error', 1500.00, 1450.00, '2024-03-04'),
(50, 50, 'Descuento aplicado', 1000.00, 950.00, '2024-03-05');



INSERT INTO Historial_Inventarios (historial_id, inventario_id, tipo_cambio, cantidad_anterior, cantidad_nueva, fecha_cambio) VALUES
(1, 1, 'Ajuste por error', 100, 90, '2024-01-15'),
(2, 2, 'Compra de stock', 50, 70, '2024-01-16'),
(3, 3, 'Venta realizada', 200, 180, '2024-01-17'),
(4, 4, 'Ajuste por error', 150, 130, '2024-01-18'),
(5, 5, 'Compra de stock', 300, 350, '2024-01-19'),
(6, 6, 'Venta realizada', 400, 380, '2024-01-20'),
(7, 7, 'Devolución de producto', 70, 90, '2024-01-21'),
(8, 8, 'Compra de stock', 100, 150, '2024-01-22'),
(9, 9, 'Venta realizada', 500, 470, '2024-01-23'),
(10, 10, 'Ajuste por error', 250, 230, '2024-01-24'),
(11, 11, 'Devolución de producto', 60, 80, '2024-01-25'),
(12, 12, 'Compra de stock', 150, 200, '2024-01-26'),
(13, 13, 'Venta realizada', 120, 100, '2024-01-27'),
(14, 14, 'Ajuste por error', 90, 110, '2024-01-28'),
(15, 15, 'Compra de stock', 50, 80, '2024-01-29'),
(16, 16, 'Devolución de producto', 60, 90, '2024-01-30'),
(17, 17, 'Venta realizada', 200, 180, '2024-02-01'),
(18, 18, 'Ajuste por error', 250, 240, '2024-02-02'),
(19, 19, 'Compra de stock', 300, 350, '2024-02-03'),
(20, 20, 'Venta realizada', 150, 130, '2024-02-04'),
(21, 21, 'Devolución de producto', 100, 120, '2024-02-05'),
(22, 22, 'Compra de stock', 400, 450, '2024-02-06'),
(23, 23, 'Venta realizada', 500, 480, '2024-02-07'),
(24, 24, 'Ajuste por error', 600, 590, '2024-02-08'),
(25, 25, 'Devolución de producto', 50, 70, '2024-02-09'),
(26, 26, 'Compra de stock', 350, 400, '2024-02-10'),
(27, 27, 'Venta realizada', 200, 170, '2024-02-11'),
(28, 28, 'Ajuste por error', 100, 90, '2024-02-12'),
(29, 29, 'Devolución de producto', 60, 80, '2024-02-13'),
(30, 30, 'Compra de stock', 500, 550, '2024-02-14'),
(31, 31, 'Venta realizada', 700, 670, '2024-02-15'),
(32, 32, 'Ajuste por error', 300, 280, '2024-02-16'),
(33, 33, 'Devolución de producto', 80, 100, '2024-02-17'),
(34, 34, 'Compra de stock', 150, 200, '2024-02-18'),
(35, 35, 'Venta realizada', 400, 380, '2024-02-19'),
(36, 36, 'Ajuste por error', 250, 230, '2024-02-20'),
(37, 37, 'Compra de stock', 300, 350, '2024-02-21'),
(38, 38, 'Venta realizada', 200, 180, '2024-02-22'),
(39, 39, 'Devolución de producto', 100, 120, '2024-02-23'),
(40, 40, 'Compra de stock', 500, 550, '2024-02-24'),
(41, 41, 'Venta realizada', 150, 130, '2024-02-25'),
(42, 42, 'Ajuste por error', 250, 240, '2024-02-26'),
(43, 43, 'Devolución de producto', 60, 80, '2024-02-27'),
(44, 44, 'Compra de stock', 600, 650, '2024-02-28'),
(45, 45, 'Venta realizada', 100, 90, '2024-03-01'),
(46, 46, 'Ajuste por error', 200, 190, '2024-03-02'),
(47, 47, 'Devolución de producto', 50, 70, '2024-03-03'),
(48, 48, 'Compra de stock', 150, 200, '2024-03-04'),
(49, 49, 'Venta realizada', 500, 470, '2024-03-05'),
(50, 50, 'Ajuste por error', 400, 380, '2024-03-06');



INSERT INTO Control_Calidad (calidad_id, producto_id, fecha_revision, resultado, observaciones) VALUES
(1, 1, '2024-01-10', 'Aprobado', 'Producto en excelente estado, sin defectos visibles.'),
(2, 2, '2024-01-11', 'Rechazado', 'Presenta defectos en el empaquetado, debe ser reemplazado.'),
(3, 3, '2024-01-12', 'Aprobado', 'Cumple con las especificaciones de calidad.'),
(4, 4, '2024-01-13', 'Aprobado', 'Sin problemas, productos bien sellados.'),
(5, 5, '2024-01-14', 'Rechazado', 'Producto con color y textura inconsistentes.'),
(6, 6, '2024-01-15', 'Aprobado', 'Buen embalaje y presentación.'),
(7, 7, '2024-01-16', 'Aprobado', 'Todo en orden, sin defectos visibles.'),
(8, 8, '2024-01-17', 'Rechazado', 'Mal olor, no apto para la venta.'),
(9, 9, '2024-01-18', 'Aprobado', 'Cumple con las normas sanitarias y de calidad.'),
(10, 10, '2024-01-19', 'Aprobado', 'Producto dentro de parámetros permitidos.'),
(11, 11, '2024-01-20', 'Rechazado', 'Falta etiquetado y está dañado.'),
(12, 12, '2024-01-21', 'Aprobado', 'Cumple con las expectativas de tamaño y color.'),
(13, 13, '2024-01-22', 'Aprobado', 'Producto en perfecto estado.'),
(14, 14, '2024-01-23', 'Rechazado', 'Defecto en la estructura del producto.'),
(15, 15, '2024-01-24', 'Aprobado', 'Producto limpio y bien procesado.'),
(16, 16, '2024-01-25', 'Aprobado', 'Buen producto, adecuado para su uso.'),
(17, 17, '2024-01-26', 'Aprobado', 'Cumple con todas las especificaciones.'),
(18, 18, '2024-01-27', 'Rechazado', 'Deformación visible, no apto para la venta.'),
(19, 19, '2024-01-28', 'Aprobado', 'Producto de buena calidad, sin defectos.'),
(20, 20, '2024-01-29', 'Aprobado', 'Producto correcto según orden de compra.'),
(21, 21, '2024-01-30', 'Rechazado', 'Empaque deteriorado, producto dañado.'),
(22, 22, '2024-01-31', 'Aprobado', 'Cumple con todas las pruebas de calidad.'),
(23, 23, '2024-02-01', 'Aprobado', 'En perfecto estado y sin fallas.'),
(24, 24, '2024-02-02', 'Rechazado', 'Color no conforme con especificaciones.'),
(25, 25, '2024-02-03', 'Aprobado', 'Producto terminado correctamente.'),
(26, 26, '2024-02-04', 'Rechazado', 'Fugas visibles en la unidad, no se puede aprobar.'),
(27, 27, '2024-02-05', 'Aprobado', 'Producto en condiciones satisfactorias.'),
(28, 28, '2024-02-06', 'Rechazado', 'No cumple con las normas de seguridad.'),
(29, 29, '2024-02-07', 'Aprobado', 'Empaque intacto y sin defectos.'),
(30, 30, '2024-02-08', 'Aprobado', 'Producto con calidad y presentación excelentes.'),
(31, 31, '2024-02-09', 'Aprobado', 'Cumple con todas las especificaciones técnicas.'),
(32, 32, '2024-02-10', 'Rechazado', 'Producto con olor desagradable, no apto para uso.'),
(33, 33, '2024-02-11', 'Aprobado', 'Excelente calidad en su diseño y función.'),
(34, 34, '2024-02-12', 'Rechazado', 'Defecto en el acabado del producto.'),
(35, 35, '2024-02-13', 'Aprobado', 'Sin fallas en la inspección.'),
(36, 36, '2024-02-14', 'Aprobado', 'Cumple con las pruebas de calidad requeridas.'),
(37, 37, '2024-02-15', 'Rechazado', 'Defecto en el material utilizado.'),
(38, 38, '2024-02-16', 'Aprobado', 'Producto revisado y dentro de estándares de calidad.'),
(39, 39, '2024-02-17', 'Aprobado', 'Sin problemas de fabricación, conforme a lo solicitado.'),
(40, 40, '2024-02-18', 'Rechazado', 'Defectos visibles en el producto, no es adecuado.'),
(41, 41, '2024-02-19', 'Aprobado', 'Revisión exitosa, sin errores de fabricación.'),
(42, 42, '2024-02-20', 'Aprobado', 'Cumple con todas las normas y regulaciones.'),
(43, 43, '2024-02-21', 'Rechazado', 'Color y tamaño fuera de especificaciones.'),
(44, 44, '2024-02-22', 'Aprobado', 'Producto aprobado tras pruebas de calidad.'),
(45, 45, '2024-02-23', 'Aprobado', 'Cumple con los estándares de control de calidad.'),
(46, 46, '2024-02-24', 'Rechazado', 'Presenta fallas estructurales, no aprobado.'),
(47, 47, '2024-02-25', 'Aprobado', 'Buen funcionamiento y presentación.'),
(48, 48, '2024-02-26', 'Aprobado', 'Producto cumple con los requisitos de calidad.'),
(49, 49, '2024-02-27', 'Rechazado', 'Defecto en el sistema de ensamblaje.'),
(50, 50, '2024-02-28', 'Aprobado', 'Producto en perfecto estado, dentro de la norma.');



INSERT INTO Rendimiento_Cultivo (rendimiento_id, cultivo_id, rendimiento, fecha_calculo) VALUES
(1, 1, 85.5, '2024-01-10'),
(2, 2, 72.3, '2024-01-11'),
(3, 3, 95.8, '2024-01-12'),
(4, 4, 67.4, '2024-01-13'),
(5, 5, 78.9, '2024-01-14'),
(6, 6, 82.6, '2024-01-15'),
(7, 7, 88.3, '2024-01-16'),
(8, 8, 54.2, '2024-01-17'),
(9, 9, 66.1, '2024-01-18'),
(10, 10, 93.5, '2024-01-19'),
(11, 11, 80.4, '2024-01-20'),
(12, 12, 77.7, '2024-01-21'),
(13, 13, 61.8, '2024-01-22'),
(14, 14, 72.5, '2024-01-23'),
(15, 15, 84.7, '2024-01-24'),
(16, 16, 90.1, '2024-01-25'),
(17, 17, 58.2, '2024-01-26'),
(18, 18, 79.6, '2024-01-27'),
(19, 19, 94.3, '2024-01-28'),
(20, 20, 80.0, '2024-01-29'),
(21, 21, 66.4, '2024-01-30'),
(22, 22, 78.2, '2024-01-31'),
(23, 23, 87.9, '2024-02-01'),
(24, 24, 92.6, '2024-02-02'),
(25, 25, 79.3, '2024-02-03'),
(26, 26, 65.7, '2024-02-04'),
(27, 27, 76.8, '2024-02-05'),
(28, 28, 89.4, '2024-02-06'),
(29, 29, 71.1, '2024-02-07'),
(30, 30, 84.2, '2024-02-08'),
(31, 31, 92.4, '2024-02-09'),
(32, 32, 64.9, '2024-02-10'),
(33, 33, 77.5, '2024-02-11'),
(34, 34, 88.8, '2024-02-12'),
(35, 35, 79.1, '2024-02-13'),
(36, 36, 83.3, '2024-02-14'),
(37, 37, 85.2, '2024-02-15'),
(38, 38, 66.0, '2024-02-16'),
(39, 39, 72.9, '2024-02-17'),
(40, 40, 91.6, '2024-02-18'),
(41, 41, 82.4, '2024-02-19'),
(42, 42, 78.1, '2024-02-20'),
(43, 43, 85.0, '2024-02-21'),
(44, 44, 90.3, '2024-02-22'),
(45, 45, 81.9, '2024-02-23'),
(46, 46, 79.8, '2024-02-24'),
(47, 47, 75.5, '2024-02-25'),
(48, 48, 83.8, '2024-02-26'),
(49, 49, 92.2, '2024-02-27'),
(50, 50, 89.5, '2024-02-28');



INSERT INTO Ubicacion_Cultivo (ubicacion_id, cultivo_id, zona, hectareas) VALUES
(1, 1, 'Zona Norte', 50),
(2, 2, 'Zona Sur', 40),
(3, 3, 'Zona Este', 60),
(4, 4, 'Zona Oeste', 45),
(5, 5, 'Zona Centro', 55),
(6, 6, 'Zona Norte', 65),
(7, 7, 'Zona Sur', 70),
(8, 8, 'Zona Este', 50),
(9, 9, 'Zona Oeste', 60),
(10, 10, 'Zona Centro', 80),
(11, 11, 'Zona Norte', 40),
(12, 12, 'Zona Sur', 50),
(13, 13, 'Zona Este', 75),
(14, 14, 'Zona Oeste', 60),
(15, 15, 'Zona Centro', 45),
(16, 16, 'Zona Norte', 55),
(17, 17, 'Zona Sur', 65),
(18, 18, 'Zona Este', 60),
(19, 19, 'Zona Oeste', 70),
(20, 20, 'Zona Centro', 65),
(21, 21, 'Zona Norte', 50),
(22, 22, 'Zona Sur', 45),
(23, 23, 'Zona Este', 55),
(24, 24, 'Zona Oeste', 60),
(25, 25, 'Zona Centro', 75),
(26, 26, 'Zona Norte', 80),
(27, 27, 'Zona Sur', 65),
(28, 28, 'Zona Este', 55),
(29, 29, 'Zona Oeste', 50),
(30, 30, 'Zona Centro', 45),
(31, 31, 'Zona Norte', 40),
(32, 32, 'Zona Sur', 55),
(33, 33, 'Zona Este', 60),
(34, 34, 'Zona Oeste', 70),
(35, 35, 'Zona Centro', 50),
(36, 36, 'Zona Norte', 65),
(37, 37, 'Zona Sur', 75),
(38, 38, 'Zona Este', 80),
(39, 39, 'Zona Oeste', 60),
(40, 40, 'Zona Centro', 50),
(41, 41, 'Zona Norte', 45),
(42, 42, 'Zona Sur', 65),
(43, 43, 'Zona Este', 55),
(44, 44, 'Zona Oeste', 70),
(45, 45, 'Zona Centro', 75),
(46, 46, 'Zona Norte', 80),
(47, 47, 'Zona Sur', 50),
(48, 48, 'Zona Este', 60),
(49, 49, 'Zona Oeste', 65),
(50, 50, 'Zona Centro', 55);



INSERT INTO Tareas_Mantenimiento (tarea_mantenimiento_id, maquinaria_id, descripcion, frecuencia, fecha_programada, fecha_realizada, estado) VALUES
(1, 1, 'Revisión general de motor y sistema hidráulico', 'Mensual', '2024-01-05', '2024-01-07', 'Completada'),
(2, 2, 'Reemplazo de filtros de aire y aceite', 'Trimestral', '2024-02-01', '2024-02-03', 'Completada'),
(3, 3, 'Verificación de sistema de frenos y cambio de pastillas', 'Bimensual', '2024-02-10', '2024-02-12', 'Completada'),
(4, 4, 'Chequeo de tren de rodaje y revisión de llantas', 'Mensual', '2024-03-01', '2024-03-03', 'Completada'),
(5, 5, 'Mantenimiento de sistema eléctrico y reemplazo de baterías', 'Anual', '2024-03-10', '2024-03-12', 'Completada'),
(6, 6, 'Revisión de sistema de refrigeración', 'Trimestral', '2024-04-01', '2024-04-03', 'Completada'),
(7, 7, 'Cambio de aceite y revisión de componentes internos', 'Mensual', '2024-04-05', '2024-04-07', 'Completada'),
(8, 8, 'Inspección de sistema de suspensión y amortiguadores', 'Bimensual', '2024-04-15', '2024-04-17', 'Completada'),
(9, 9, 'Revisión de filtros y válvulas de presión', 'Trimestral', '2024-05-01', '2024-05-03', 'Completada'),
(10, 10, 'Chequeo de frenos y ajuste de discos', 'Mensual', '2024-05-10', '2024-05-12', 'Completada'),
(11, 11, 'Reemplazo de aceite de transmisión', 'Anual', '2024-06-01', '2024-06-03', 'Completada'),
(12, 12, 'Verificación de sistema hidráulico y bomba de agua', 'Trimestral', '2024-06-05', '2024-06-07', 'Completada'),
(13, 13, 'Revisión de motor y ajustes generales', 'Mensual', '2024-07-01', '2024-07-03', 'Completada'),
(14, 14, 'Reemplazo de llantas y revisión de alineación', 'Bimensual', '2024-07-10', '2024-07-12', 'Completada'),
(15, 15, 'Chequeo de sistema de frenos y revisión de discos', 'Trimestral', '2024-07-15', '2024-07-17', 'Completada'),
(16, 16, 'Mantenimiento de la caja de cambios y revisión de filtros', 'Mensual', '2024-08-01', '2024-08-03', 'Completada'),
(17, 17, 'Inspección de sistema de dirección y suspensión', 'Anual', '2024-08-05', '2024-08-07', 'Completada'),
(18, 18, 'Revisión de motor y cambio de filtros', 'Mensual', '2024-08-10', '2024-08-12', 'Completada'),
(19, 19, 'Reemplazo de aceite y revisión de frenos', 'Bimensual', '2024-09-01', '2024-09-03', 'Completada'),
(20, 20, 'Verificación de sistema hidráulico y control de presión', 'Trimestral', '2024-09-05', '2024-09-07', 'Completada'),
(21, 21, 'Chequeo de motor y revisión de filtros de combustible', 'Mensual', '2024-09-10', '2024-09-12', 'Completada'),
(22, 22, 'Revisión de tren de rodaje y ajustes en las llantas', 'Bimensual', '2024-10-01', '2024-10-03', 'Completada'),
(23, 23, 'Reemplazo de filtros de aire y revisión de sistemas eléctricos', 'Anual', '2024-10-05', '2024-10-07', 'Completada'),
(24, 24, 'Inspección de bomba de agua y limpieza de filtros', 'Mensual', '2024-10-10', '2024-10-12', 'Completada'),
(25, 25, 'Chequeo de frenos y ajuste de discos', 'Bimensual', '2024-11-01', '2024-11-03', 'Completada'),
(26, 26, 'Revisión de sistema hidráulico y ajuste de presión', 'Trimestral', '2024-11-05', '2024-11-07', 'Completada'),
(27, 27, 'Mantenimiento de tren de rodaje y revisión de frenos', 'Mensual', '2024-11-10', '2024-11-12', 'Completada'),
(28, 28, 'Reemplazo de aceite y revisión de componentes internos', 'Bimensual', '2024-12-01', '2024-12-03', 'Completada'),
(29, 29, 'Revisión de sistema de refrigeración y ajuste de presiones', 'Trimestral', '2024-12-05', '2024-12-07', 'Completada'),
(30, 30, 'Chequeo de motor y ajuste de válvulas', 'Mensual', '2024-12-10', '2024-12-12', 'Completada'),
(31, 31, 'Reemplazo de filtros de aire y revisión de frenos', 'Anual', '2024-12-15', '2024-12-17', 'Completada'),
(32, 32, 'Mantenimiento de sistema eléctrico y revisión de batería', 'Trimestral', '2025-01-01', '2025-01-03', 'Completada'),
(33, 33, 'Revisión de frenos y revisión de llantas', 'Mensual', '2025-01-05', '2025-01-07', 'Completada'),
(34, 34, 'Inspección de sistema hidráulico y revisión de bomba', 'Bimensual', '2025-01-10', '2025-01-12', 'Completada'),
(35, 35, 'Reemplazo de aceite y revisión de motor', 'Mensual', '2025-02-01', '2025-02-03', 'Completada'),
(36, 36, 'Revisión de sistema de refrigeración y control de temperatura', 'Trimestral', '2025-02-05', '2025-02-07', 'Completada'),
(37, 37, 'Chequeo de frenos y revisión de sistema de suspensión', 'Bimensual', '2025-02-10', '2025-02-12', 'Completada'),
(38, 38, 'Reemplazo de filtros y ajuste de sistema de frenos', 'Anual', '2025-03-01', '2025-03-03', 'Completada'),
(39, 39, 'Mantenimiento de motor y revisión de componentes hidráulicos', 'Mensual', '2025-03-05', '2025-03-07', 'Completada'),
(40, 40, 'Revisión de llantas y ajuste de suspensión', 'Bimensual', '2025-03-10', '2025-03-12', 'Completada'),
(41, 41, 'Reemplazo de aceites y revisión de tren de rodaje', 'Anual', '2025-04-01', '2025-04-03', 'Completada'),
(42, 42, 'Chequeo de filtros de aire y revisión de frenos', 'Mensual', '2025-04-05', '2025-04-07', 'Completada'),
(43, 43, 'Inspección de sistema hidráulico y revisión de bomba', 'Trimestral', '2025-04-10', '2025-04-12', 'Completada'),
(44, 44, 'Reemplazo de filtros de combustible y revisión de motor', 'Bimensual', '2025-05-01', '2025-05-03', 'Completada'),
(45, 45, 'Revisión de sistema eléctrico y reemplazo de baterías', 'Anual', '2025-05-05', '2025-05-07', 'Completada'),
(46, 46, 'Mantenimiento de caja de cambios y revisión de frenos', 'Mensual', '2025-05-10', '2025-05-12', 'Completada'),
(47, 47, 'Chequeo de frenos y revisión de sistema hidráulico', 'Bimensual', '2025-06-01', '2025-06-03', 'Completada'),
(48, 48, 'Reemplazo de aceite y revisión de componentes internos', 'Mensual', '2025-06-05', '2025-06-07', 'Completada'),
(49, 49, 'Revisión de motor y cambio de filtros', 'Trimestral', '2025-06-10', '2025-06-12', 'Completada'),
(50, 50, 'Reemplazo de filtros de aire y revisión de frenos', 'Bimensual', '2025-07-01', '2025-07-03', 'Completada');



INSERT INTO Evaluacion_Desempeno (evaluacion_id, empleado_id, fecha_evaluacion, puntuacion, comentarios) VALUES
(1, 1, '2024-01-05', 4.8, 'Excelente desempeño en todas las tareas asignadas, gran actitud y responsabilidad.'),
(2, 2, '2024-01-10', 4.5, 'Muy buen trabajo, sin embargo, debe mejorar en la puntualidad de los entregables.'),
(3, 3, '2024-01-12', 3.9, 'Buen desempeño, pero se recomienda mejorar la comunicación con los compañeros.'),
(4, 4, '2024-01-15', 5.0, 'Desempeño sobresaliente, siempre cumple con los objetivos establecidos.'),
(5, 5, '2024-01-20', 4.3, 'Trabajo de calidad, aunque se debe prestar más atención a los detalles.'),
(6, 6, '2024-01-25', 4.7, 'Gran capacidad de adaptación y aprendizaje rápido en nuevos proyectos.'),
(7, 7, '2024-02-01', 4.0, 'Cumple con las expectativas, pero se recomienda mejorar la organización en el trabajo.'),
(8, 8, '2024-02-05', 3.7, 'Desempeño adecuado, pero es necesario mejorar en cuanto a la gestión del tiempo.'),
(9, 9, '2024-02-10', 4.2, 'Buen trabajo en equipo, sin embargo, debe tomar más iniciativas.'),
(10, 10, '2024-02-15', 4.6, 'Excelente rendimiento, aunque debe mejorar la toma de decisiones bajo presión.'),
(11, 11, '2024-03-01', 4.9, 'Rendimiento excepcional, muestra gran liderazgo en todas las tareas asignadas.'),
(12, 12, '2024-03-05', 3.5, 'Ha mejorado, pero aún necesita mejorar en la gestión de tareas prioritarias.'),
(13, 13, '2024-03-10', 4.4, 'Buen desempeño general, sin embargo, a veces se pierde en los detalles técnicos.'),
(14, 14, '2024-03-15', 5.0, 'Desempeño impecable, siempre superando expectativas y plazos establecidos.'),
(15, 15, '2024-03-20', 4.1, 'Buen desempeño, pero debe trabajar en la gestión del tiempo y cumplimiento de deadlines.'),
(16, 16, '2024-03-25', 3.8, 'El rendimiento es bueno, pero se recomienda aumentar la proactividad en el trabajo.'),
(17, 17, '2024-04-01', 4.6, 'Buen desempeño general, sigue siendo consistente en la entrega de resultados.'),
(18, 18, '2024-04-05', 4.2, 'Buen trabajo, sin embargo, se debe mejorar la capacidad de resolución de problemas.'),
(19, 19, '2024-04-10', 3.9, 'Ha mostrado mejoras, pero debe trabajar en la colaboración en equipo.'),
(20, 20, '2024-04-15', 4.7, 'Excelente rendimiento en proyectos asignados, se recomienda mayor enfoque en la creatividad.'),
(21, 21, '2024-05-01', 4.5, 'Desempeño sólido, pero se debe trabajar más en la comunicación con otros departamentos.'),
(22, 22, '2024-05-05', 4.3, 'Buen trabajo en equipo, se recomienda mejorar la organización personal.'),
(23, 23, '2024-05-10', 3.8, 'Desempeño adecuado, pero puede mejorar en el cumplimiento de plazos.'),
(24, 24, '2024-05-15', 4.6, 'Gran trabajo, sin embargo, podría mejorar en la toma de decisiones rápidas.'),
(25, 25, '2024-06-01', 4.2, 'Buen desempeño, aunque debería tomar más iniciativas en proyectos nuevos.'),
(26, 26, '2024-06-05', 4.4, 'Cumple con las expectativas, aunque hay áreas de mejora en la gestión de recursos.'),
(27, 27, '2024-06-10', 4.8, 'Desempeño excepcional, siempre logra superar sus objetivos.'),
(28, 28, '2024-06-15', 3.7, 'Ha mostrado progreso, pero aún necesita mejorar en la organización del tiempo.'),
(29, 29, '2024-06-20', 4.3, 'Muy buen trabajo, pero debe ser más proactivo en la colaboración con el equipo.'),
(30, 30, '2024-07-01', 4.9, 'Desempeño sobresaliente, sin embargo, debe mejorar en la priorización de tareas.'),
(31, 31, '2024-07-05', 3.6, 'Desempeño aceptable, pero se recomienda una mejor integración con el equipo de trabajo.'),
(32, 32, '2024-07-10', 4.5, 'Buen trabajo general, aunque debería mejorar en la gestión de proyectos complejos.'),
(33, 33, '2024-07-15', 4.7, 'Excelente desempeño, demuestra un gran compromiso con el trabajo.'),
(34, 34, '2024-07-20', 4.1, 'Desempeño adecuado, pero debe mejorar en la resolución de conflictos internos.'),
(35, 35, '2024-08-01', 4.8, 'Muy buen desempeño, sigue superando las expectativas.'),
(36, 36, '2024-08-05', 3.9, 'Rendimiento aceptable, pero debe mejorar en la toma de decisiones y trabajo en equipo.'),
(37, 37, '2024-08-10', 4.3, 'Buen desempeño, se recomienda mayor atención a los detalles en los proyectos.'),
(38, 38, '2024-08-15', 4.6, 'Desempeño positivo, con buenas ideas y trabajo bien ejecutado.'),
(39, 39, '2024-09-01', 3.8, 'Rendimiento adecuado, aunque debe mejorar la colaboración con otros departamentos.'),
(40, 40, '2024-09-05', 4.7, 'Desempeño excelente, pero se debe trabajar en la mejora de la eficiencia en los procesos.'),
(41, 41, '2024-09-10', 4.2, 'Buen desempeño, pero debe mejorar la gestión de su tiempo y carga de trabajo.'),
(42, 42, '2024-09-15', 4.4, 'Excelente desempeño, pero podría mejorar en el manejo de las tareas de alta presión.'),
(43, 43, '2024-09-20', 4.1, 'Buen desempeño general, pero debería tomar más iniciativa en la solución de problemas.'),
(44, 44, '2024-10-01', 4.9, 'Desempeño sobresaliente, ha mostrado gran evolución en sus tareas.'),
(45, 45, '2024-10-05', 4.6, 'Muy buen desempeño, siempre dispuesto a ayudar al equipo.'),
(46, 46, '2024-10-10', 4.3, 'Desempeño adecuado, pero se debe mejorar en la coordinación con otros departamentos.'),
(47, 47, '2024-10-15', 3.9, 'Ha mostrado un progreso notable, pero se recomienda trabajar más en el enfoque y organización.'),
(48, 48, '2024-10-20', 4.8, 'Excelente trabajo, pero debe mejorar en la gestión de los recursos del equipo.'),
(49, 49, '2024-11-01', 4.5, 'Desempeño sobresaliente, pero podría mejorar la velocidad en la ejecución de tareas complejas.'),
(50, 50, '2024-11-05', 4.2, 'Buen desempeño, necesita mejorar en la resolución rápida de problemas imprevistos.');



INSERT INTO Cosecha (cosecha_id, cultivo_id, cantidad_recolectada, fecha_cosecha, calidad_control, destino) VALUES
(1, 1, 1200.50, '2024-01-10', 'Alta', 'Mercado local'),
(2, 2, 1500.75, '2024-01-12', 'Media', 'Distribución internacional'),
(3, 3, 1800.60, '2024-01-15', 'Alta', 'Industria alimentaria'),
(4, 4, 1100.30, '2024-02-05', 'Baja', 'Comercio mayorista'),
(5, 5, 1300.90, '2024-02-07', 'Alta', 'Exportación'),
(6, 6, 1600.80, '2024-02-15', 'Alta', 'Mercado local'),
(7, 7, 1400.20, '2024-03-01', 'Media', 'Mercado local'),
(8, 8, 1800.50, '2024-03-04', 'Alta', 'Industria procesadora'),
(9, 9, 1500.40, '2024-03-10', 'Alta', 'Mercado mayorista'),
(10, 10, 1100.80, '2024-03-12', 'Media', 'Distribución nacional'),
(11, 1, 2000.00, '2024-04-01', 'Alta', 'Mercado local'),
(12, 2, 1400.50, '2024-04-05', 'Alta', 'Mercado internacional'),
(13, 3, 1300.30, '2024-04-08', 'Media', 'Industria alimentaria'),
(14, 4, 1100.60, '2024-04-10', 'Baja', 'Comercio local'),
(15, 5, 1600.20, '2024-04-12', 'Alta', 'Exportación'),
(16, 6, 1700.90, '2024-05-01', 'Alta', 'Distribución mayorista'),
(17, 7, 1500.00, '2024-05-03', 'Media', 'Mercado mayorista'),
(18, 8, 1800.20, '2024-05-10', 'Alta', 'Industria procesadora'),
(19, 9, 2000.50, '2024-05-15', 'Alta', 'Mercado local'),
(20, 10, 1900.30, '2024-06-01', 'Alta', 'Distribución nacional'),
(21, 1, 1200.75, '2024-06-05', 'Media', 'Mercado local'),
(22, 2, 1400.40, '2024-06-07', 'Alta', 'Exportación'),
(23, 3, 1600.60, '2024-06-15', 'Alta', 'Industria alimentaria'),
(24, 4, 1300.30, '2024-06-20', 'Baja', 'Comercio mayorista'),
(25, 5, 1100.80, '2024-07-01', 'Alta', 'Exportación'),
(26, 6, 1500.90, '2024-07-03', 'Alta', 'Mercado local'),
(27, 7, 1400.20, '2024-07-05', 'Alta', 'Industria procesadora'),
(28, 8, 1300.75, '2024-07-10', 'Alta', 'Mercado mayorista'),
(29, 9, 1600.40, '2024-07-12', 'Media', 'Distribución nacional'),
(30, 10, 1100.90, '2024-08-01', 'Alta', 'Mercado local'),
(31, 1, 1400.50, '2024-08-05', 'Alta', 'Distribución mayorista'),
(32, 2, 1600.20, '2024-08-07', 'Media', 'Comercio local'),
(33, 3, 1800.60, '2024-08-10', 'Alta', 'Industria alimentaria'),
(34, 4, 1700.30, '2024-08-12', 'Alta', 'Mercado local'),
(35, 5, 1100.80, '2024-09-01', 'Alta', 'Exportación'),
(36, 6, 1300.20, '2024-09-05', 'Media', 'Distribución mayorista'),
(37, 7, 1400.40, '2024-09-07', 'Alta', 'Industria alimentaria'),
(38, 8, 1600.60, '2024-09-10', 'Alta', 'Mercado local'),
(39, 9, 1800.80, '2024-09-12', 'Alta', 'Comercio mayorista'),
(40, 10, 1500.20, '2024-09-15', 'Media', 'Distribución nacional'),
(41, 1, 1300.30, '2024-10-01', 'Alta', 'Mercado local'),
(42, 2, 1700.40, '2024-10-05', 'Alta', 'Exportación'),
(43, 3, 1600.80, '2024-10-07', 'Media', 'Industria alimentaria'),
(44, 4, 1400.50, '2024-10-10', 'Baja', 'Comercio mayorista'),
(45, 5, 1100.60, '2024-10-12', 'Alta', 'Exportación'),
(46, 6, 1500.75, '2024-11-01', 'Alta', 'Distribución mayorista'),
(47, 7, 1300.80, '2024-11-05', 'Alta', 'Mercado local'),
(48, 8, 1200.90, '2024-11-10', 'Alta', 'Industria procesadora'),
(49, 9, 1100.20, '2024-11-12', 'Media', 'Distribución nacional'),
(50, 10, 1500.50, '2024-12-01', 'Alta', 'Mercado local');



INSERT INTO Costos_Produccion (costo_produccion_id, cultivo_id, tipo_costo, monto, fecha) VALUES
(1, 1, 'Semillas', 1200.50, '2024-01-10'),
(2, 2, 'Fertilizantes', 1500.75, '2024-01-12'),
(3, 3, 'Agua', 800.60, '2024-01-15'),
(4, 4, 'Mano de obra', 1000.30, '2024-02-05'),
(5, 5, 'Semillas', 900.90, '2024-02-07'),
(6, 6, 'Fertilizantes', 1100.80, '2024-02-15'),
(7, 7, 'Pesticidas', 1500.20, '2024-03-01'),
(8, 8, 'Fertilizantes', 1300.50, '2024-03-04'),
(9, 9, 'Mano de obra', 1400.40, '2024-03-10'),
(10, 10, 'Semillas', 1000.80, '2024-03-12'),
(11, 1, 'Agua', 700.00, '2024-04-01'),
(12, 2, 'Fertilizantes', 1600.20, '2024-04-05'),
(13, 3, 'Mano de obra', 1200.30, '2024-04-08'),
(14, 4, 'Pesticidas', 950.60, '2024-04-10'),
(15, 5, 'Semillas', 980.50, '2024-04-12'),
(16, 6, 'Mano de obra', 1100.90, '2024-05-01'),
(17, 7, 'Agua', 1300.75, '2024-05-03'),
(18, 8, 'Pesticidas', 1150.40, '2024-05-10'),
(19, 9, 'Fertilizantes', 1400.30, '2024-05-15'),
(20, 10, 'Semillas', 850.20, '2024-06-01'),
(21, 1, 'Mano de obra', 1200.50, '2024-06-05'),
(22, 2, 'Agua', 900.40, '2024-06-07'),
(23, 3, 'Pesticidas', 1100.30, '2024-06-15'),
(24, 4, 'Semillas', 950.80, '2024-06-20'),
(25, 5, 'Fertilizantes', 1300.90, '2024-07-01'),
(26, 6, 'Pesticidas', 1200.20, '2024-07-03'),
(27, 7, 'Mano de obra', 1100.80, '2024-07-05'),
(28, 8, 'Agua', 1000.40, '2024-07-10'),
(29, 9, 'Semillas', 900.60, '2024-07-12'),
(30, 10, 'Pesticidas', 1300.30, '2024-08-01'),
(31, 1, 'Fertilizantes', 1400.75, '2024-08-05'),
(32, 2, 'Mano de obra', 1300.60, '2024-08-07'),
(33, 3, 'Semillas', 950.40, '2024-08-10'),
(34, 4, 'Fertilizantes', 1000.80, '2024-08-12'),
(35, 5, 'Pesticidas', 1200.50, '2024-09-01'),
(36, 6, 'Agua', 1300.20, '2024-09-05'),
(37, 7, 'Semillas', 1500.40, '2024-09-07'),
(38, 8, 'Mano de obra', 1100.75, '2024-09-10'),
(39, 9, 'Pesticidas', 1300.60, '2024-09-12'),
(40, 10, 'Fertilizantes', 1400.30, '2024-09-15'),
(41, 1, 'Pesticidas', 1150.60, '2024-10-01'),
(42, 2, 'Mano de obra', 1300.80, '2024-10-05'),
(43, 3, 'Fertilizantes', 1200.20, '2024-10-07'),
(44, 4, 'Semillas', 950.30, '2024-10-10'),
(45, 5, 'Mano de obra', 1000.40, '2024-10-12'),
(46, 6, 'Agua', 1100.75, '2024-11-01'),
(47, 7, 'Semillas', 1300.50, '2024-11-05'),
(48, 8, 'Pesticidas', 1200.20, '2024-11-10'),
(49, 9, 'Fertilizantes', 1400.60, '2024-11-12'),
(50, 10, 'Mano de obra', 1300.30, '2024-12-01');



INSERT INTO Pagos_Vendedores (pago_vendedor_id, vendedor_id, monto, fecha_pago, metodo_pago) VALUES
(1, 1, 1500.50, '2024-01-10', 'Transferencia bancaria'),
(2, 2, 2000.75, '2024-01-12', 'Cheque'),
(3, 3, 1800.60, '2024-01-15', 'Efectivo'),
(4, 4, 2200.30, '2024-02-05', 'Transferencia bancaria'),
(5, 5, 1900.90, '2024-02-07', 'Cheque'),
(6, 6, 2100.80, '2024-02-15', 'Efectivo'),
(7, 7, 1600.20, '2024-03-01', 'Transferencia bancaria'),
(8, 8, 1750.50, '2024-03-04', 'Cheque'),
(9, 9, 1850.40, '2024-03-10', 'Efectivo'),
(10, 10, 1700.80, '2024-03-12', 'Transferencia bancaria'),
(11, 1, 1450.00, '2024-04-01', 'Cheque'),
(12, 2, 2150.20, '2024-04-05', 'Efectivo'),
(13, 3, 2000.30, '2024-04-08', 'Transferencia bancaria'),
(14, 4, 2300.60, '2024-04-10', 'Cheque'),
(15, 5, 2100.50, '2024-04-12', 'Efectivo'),
(16, 6, 1800.90, '2024-05-01', 'Transferencia bancaria'),
(17, 7, 1950.75, '2024-05-03', 'Cheque'),
(18, 8, 2200.20, '2024-05-10', 'Efectivo'),
(19, 9, 2400.30, '2024-05-15', 'Transferencia bancaria'),
(20, 10, 1600.40, '2024-06-01', 'Cheque'),
(21, 1, 1550.20, '2024-06-05', 'Efectivo'),
(22, 2, 2000.60, '2024-06-07', 'Transferencia bancaria'),
(23, 3, 1800.50, '2024-06-15', 'Cheque'),
(24, 4, 1900.80, '2024-06-20', 'Efectivo'),
(25, 5, 1700.40, '2024-07-01', 'Transferencia bancaria'),
(26, 6, 1600.75, '2024-07-03', 'Cheque'),
(27, 7, 1800.20, '2024-07-05', 'Efectivo'),
(28, 8, 1950.90, '2024-07-10', 'Transferencia bancaria'),
(29, 9, 1700.30, '2024-07-12', 'Cheque'),
(30, 10, 1850.40, '2024-08-01', 'Efectivo'),
(31, 1, 1500.80, '2024-08-05', 'Transferencia bancaria'),
(32, 2, 2100.30, '2024-08-07', 'Cheque'),
(33, 3, 2000.60, '2024-08-10', 'Efectivo'),
(34, 4, 1900.20, '2024-08-12', 'Transferencia bancaria'),
(35, 5, 2050.40, '2024-09-01', 'Cheque'),
(36, 6, 1950.80, '2024-09-05', 'Efectivo'),
(37, 7, 2100.50, '2024-09-07', 'Transferencia bancaria'),
(38, 8, 2200.30, '2024-09-10', 'Cheque'),
(39, 9, 2300.60, '2024-09-12', 'Efectivo'),
(40, 10, 2400.90, '2024-09-15', 'Transferencia bancaria'),
(41, 1, 1650.20, '2024-10-01', 'Cheque'),
(42, 2, 1800.75, '2024-10-05', 'Efectivo'),
(43, 3, 1950.40, '2024-10-07', 'Transferencia bancaria'),
(44, 4, 1700.60, '2024-10-10', 'Cheque'),
(45, 5, 1800.90, '2024-10-12', 'Efectivo'),
(46, 6, 2000.75, '2024-11-01', 'Transferencia bancaria'),
(47, 7, 2100.20, '2024-11-05', 'Cheque'),
(48, 8, 2200.40, '2024-11-10', 'Efectivo'),
(49, 9, 2400.30, '2024-11-12', 'Transferencia bancaria'),
(50, 10, 1900.50, '2024-12-01', 'Cheque');



INSERT INTO Auditoria_Accessos (auditoria_id, usuario_id, accion, fecha_hora, detalles) VALUES
(1, 1, 'Inicio de sesión', '2024-01-10 08:15:00', 'Acceso exitoso desde IP 192.168.1.10'),
(2, 2, 'Inicio de sesión', '2024-01-10 08:30:00', 'Acceso exitoso desde IP 192.168.1.12'),
(3, 3, 'Inicio de sesión', '2024-01-10 09:00:00', 'Acceso exitoso desde IP 192.168.1.14'),
(4, 4, 'Inicio de sesión', '2024-01-10 09:15:00', 'Acceso exitoso desde IP 192.168.1.16'),
(5, 5, 'Inicio de sesión', '2024-01-10 09:45:00', 'Acceso exitoso desde IP 192.168.1.18'),
(6, 6, 'Inicio de sesión', '2024-01-10 10:00:00', 'Acceso exitoso desde IP 192.168.1.20'),
(7, 7, 'Cambio de contraseña', '2024-01-10 10:30:00', 'Contraseña modificada con éxito'),
(8, 8, 'Cambio de contraseña', '2024-01-10 10:45:00', 'Contraseña modificada con éxito'),
(9, 9, 'Cambio de contraseña', '2024-01-10 11:00:00', 'Contraseña modificada con éxito'),
(10, 10, 'Cambio de contraseña', '2024-01-10 11:30:00', 'Contraseña modificada con éxito'),
(11, 1, 'Acceso a panel de administración', '2024-01-11 08:00:00', 'Acceso exitoso a sección de usuarios'),
(12, 2, 'Acceso a panel de administración', '2024-01-11 08:30:00', 'Acceso exitoso a sección de ventas'),
(13, 3, 'Acceso a panel de administración', '2024-01-11 09:00:00', 'Acceso exitoso a sección de reportes'),
(14, 4, 'Acceso a panel de administración', '2024-01-11 09:30:00', 'Acceso exitoso a sección de inventarios'),
(15, 5, 'Acceso a panel de administración', '2024-01-11 10:00:00', 'Acceso exitoso a sección de compras'),
(16, 6, 'Acceso a panel de administración', '2024-01-11 10:30:00', 'Acceso exitoso a sección de clientes'),
(17, 7, 'Acceso a panel de administración', '2024-01-12 08:00:00', 'Acceso exitoso a sección de ventas'),
(18, 8, 'Acceso a panel de administración', '2024-01-12 08:30:00', 'Acceso exitoso a sección de empleados'),
(19, 9, 'Acceso a panel de administración', '2024-01-12 09:00:00', 'Acceso exitoso a sección de pagos'),
(20, 10, 'Acceso a panel de administración', '2024-01-12 09:30:00', 'Acceso exitoso a sección de proveedores'),
(21, 1, 'Cerrar sesión', '2024-01-13 08:15:00', 'Cierre de sesión realizado desde IP 192.168.1.10'),
(22, 2, 'Cerrar sesión', '2024-01-13 08:45:00', 'Cierre de sesión realizado desde IP 192.168.1.12'),
(23, 3, 'Cerrar sesión', '2024-01-13 09:15:00', 'Cierre de sesión realizado desde IP 192.168.1.14'),
(24, 4, 'Cerrar sesión', '2024-01-13 09:45:00', 'Cierre de sesión realizado desde IP 192.168.1.16'),
(25, 5, 'Cerrar sesión', '2024-01-13 10:15:00', 'Cierre de sesión realizado desde IP 192.168.1.18'),
(26, 6, 'Cerrar sesión', '2024-01-13 10:45:00', 'Cierre de sesión realizado desde IP 192.168.1.20'),
(27, 7, 'Acceso a panel de administración', '2024-01-14 08:00:00', 'Acceso exitoso a sección de inventarios'),
(28, 8, 'Acceso a panel de administración', '2024-01-14 08:30:00', 'Acceso exitoso a sección de ventas'),
(29, 9, 'Acceso a panel de administración', '2024-01-14 09:00:00', 'Acceso exitoso a sección de compras'),
(30, 10, 'Acceso a panel de administración', '2024-01-14 09:30:00', 'Acceso exitoso a sección de clientes'),
(31, 1, 'Acceso a panel de administración', '2024-01-15 08:00:00', 'Acceso exitoso a sección de reportes'),
(32, 2, 'Acceso a panel de administración', '2024-01-15 08:30:00', 'Acceso exitoso a sección de proveedores'),
(33, 3, 'Acceso a panel de administración', '2024-01-15 09:00:00', 'Acceso exitoso a sección de empleados'),
(34, 4, 'Acceso a panel de administración', '2024-01-15 09:30:00', 'Acceso exitoso a sección de ventas'),
(35, 5, 'Acceso a panel de administración', '2024-01-15 10:00:00', 'Acceso exitoso a sección de pagos'),
(36, 6, 'Acceso a panel de administración', '2024-01-15 10:30:00', 'Acceso exitoso a sección de clientes'),
(37, 7, 'Acceso a panel de administración', '2024-01-16 08:00:00', 'Acceso exitoso a sección de inventarios'),
(38, 8, 'Acceso a panel de administración', '2024-01-16 08:30:00', 'Acceso exitoso a sección de compras'),
(39, 9, 'Acceso a panel de administración', '2024-01-16 09:00:00', 'Acceso exitoso a sección de reportes'),
(40, 10, 'Acceso a panel de administración', '2024-01-16 09:30:00', 'Acceso exitoso a sección de ventas'),
(41, 1, 'Acceso a panel de administración', '2024-01-17 08:00:00', 'Acceso exitoso a sección de pagos'),
(42, 2, 'Acceso a panel de administración', '2024-01-17 08:30:00', 'Acceso exitoso a sección de clientes'),
(43, 3, 'Acceso a panel de administración', '2024-01-17 09:00:00', 'Acceso exitoso a sección de proveedores'),
(44, 4, 'Acceso a panel de administración', '2024-01-17 09:30:00', 'Acceso exitoso a sección de reportes'),
(45, 5, 'Acceso a panel de administración', '2024-01-17 10:00:00', 'Acceso exitoso a sección de empleados'),
(46, 6, 'Acceso a panel de administración', '2024-01-17 10:30:00', 'Acceso exitoso a sección de compras'),
(47, 7, 'Acceso a panel de administración', '2024-01-18 08:00:00', 'Acceso exitoso a sección de ventas'),
(48, 8, 'Acceso a panel de administración', '2024-01-18 08:30:00', 'Acceso exitoso a sección de pagos'),
(49, 9, 'Acceso a panel de administración', '2024-01-18 09:00:00', 'Acceso exitoso a sección de inventarios'),
(50, 10, 'Acceso a panel de administración', '2024-01-18 09:30:00', 'Acceso exitoso a sección de clientes');

