INSERT INTO Empleados (nombre, apellido, telefono, direccion, puesto, salario) 
VALUES
('Carlos', 'Perez', '3012389778', 'Calle 258, Bogotá', 'Supervisor', 1500.00),
('Ana', 'Gonzales', '3781456789', 'Calle 751, Medellín', 'Vendedor', 2800.00),
('Karla', 'Perez', '3458793155', 'Calle 931, Cali', 'Técnico', 4200.00),
('Carlos', 'Gomez', '3012345678', 'Calle 123, Bogotá', 'Supervisor', 2500.00),
('Ana', 'Martinez', '3023456789', 'Calle 456, Medellín', 'Vendedor', 1800.00),
('Luis', 'Perez', '3034567890', 'Calle 789, Cali', 'Técnico', 2200.00),
('Sofía', 'Ramírez', '3045678901', 'Calle 101, Barranquilla', 'Gerente', 3000.00),
('Javier', 'Díaz', '3056789012', 'Calle 202, Bucaramanga', 'Operario', 1500.00),
('Carlos', 'Fernández', '3067890123', 'Calle 303, Bogotá', 'Vendedor', 1600.00),
('María', 'García', '3078901234', 'Calle 404, Medellín', 'Operario', 1450.00),
('Fernando', 'López', '3089012345', 'Calle 505, Cali', 'Técnico', 2300.00),
('Gabriela', 'Sánchez', '3090123456', 'Calle 606, Barranquilla', 'Supervisor', 2600.00),
('Pedro', 'Jiménez', '3101234567', 'Calle 707, Bucaramanga', 'Vendedor', 1700.00),
('Isabel', 'Martínez', '3112345678', 'Calle 808, Bogotá', 'Gerente', 3200.00),
('Ricardo', 'González', '3123456789', 'Calle 909, Medellín', 'Técnico', 2400.00),
('Patricia', 'Ruiz', '3134567890', 'Calle 1010, Cali', 'Operario', 1500.00),
('Oscar', 'Vega', '3145678901', 'Calle 1111, Barranquilla', 'Supervisor', 2500.00),
('Marcela', 'Pérez', '3156789012', 'Calle 1212, Bucaramanga', 'Vendedor', 1650.00),
('Esteban', 'Soto', '3167890123', 'Calle 1313, Bogotá', 'Operario', 1400.00),
('Lucía', 'Castro', '3178901234', 'Calle 1414, Medellín', 'Gerente', 3100.00),
('Juan', 'Martínez', '3189012345', 'Calle 1515, Cali', 'Técnico', 2200.00),
('Andrés', 'Gómez', '3190123456', 'Calle 1616, Barranquilla', 'Operario', 1450.00),
('Rosa', 'López', '3201234567', 'Calle 1717, Bucaramanga', 'Vendedor', 1550.00),
('Nicolás', 'Ramírez', '3212345678', 'Calle 1818, Bogotá', 'Supervisor', 2700.00),
('Carmen', 'Sánchez', '3223456789', 'Calle 1919, Medellín', 'Técnico', 2250.00),
('Felipe', 'Martínez', '3234567890', 'Calle 2020, Cali', 'Operario', 1400.00),
('José', 'Mendoza', '3245678901', 'Calle 2121, Barranquilla', 'Vendedor', 1600.00),
('Ana', 'Fernández', '3256789012', 'Calle 2222, Bucaramanga', 'Gerente', 3300.00),
('Mario', 'García', '3267890123', 'Calle 2323, Bogotá', 'Técnico', 2400.00),
('Laura', 'Rodríguez', '3278901234', 'Calle 2424, Medellín', 'Operario', 1500.00),
('Santiago', 'Torres', '3289012345', 'Calle 2525, Cali', 'Supervisor', 2550.00),
('Marta', 'Jiménez', '3290123456', 'Calle 2626, Barranquilla', 'Vendedor', 1700.00),
('Alfredo', 'González', '3301234567', 'Calle 2727, Bucaramanga', 'Técnico', 2300.00),
('Beatriz', 'Morales', '3312345678', 'Calle 2828, Bogotá', 'Operario', 1450.00),
('Luis', 'Hernández', '3323456789', 'Calle 2929, Medellín', 'Gerente', 3150.00),
('Eduardo', 'Paredes', '3334567890', 'Calle 3030, Cali', 'Técnico', 2200.00),
('Paula', 'López', '3345678901', 'Calle 3131, Barranquilla', 'Operario', 1500.00),
('Ricardo', 'Martínez', '3356789012', 'Calle 3232, Bucaramanga', 'Vendedor', 1650.00),
('Julia', 'Díaz', '3367890123', 'Calle 3333, Bogotá', 'Supervisor', 2600.00),
('Antonio', 'González', '3378901234', 'Calle 3434, Medellín', 'Técnico', 2400.00),
('Margarita', 'Gómez', '3389012345', 'Calle 3535, Cali', 'Operario', 1400.00),
('Esteban', 'Martínez', '3390123456', 'Calle 3636, Barranquilla', 'Vendedor', 1700.00),
('Martín', 'López', '3401234567', 'Calle 3737, Bucaramanga', 'Gerente', 3250.00),
('Verónica', 'García', '3412345678', 'Calle 3838, Bogotá', 'Técnico', 2300.00),
('Carlos', 'Mendoza', '3423456789', 'Calle 3939, Medellín', 'Operario', 1500.00),
('Isabel', 'Torres', '3434567890', 'Calle 4040, Cali', 'Supervisor', 2500.00),
('Sergio', 'Sánchez', '3445678901', 'Calle 4141, Barranquilla', 'Vendedor', 1600.00),
('Teresa', 'Pérez', '3456789012', 'Calle 4242, Bucaramanga', 'Técnico', 2200.00),
('Luis', 'Rodríguez', '3467890123', 'Calle 4343, Bogotá', 'Operario', 1450.00),
('Juan', 'González', '3478901234', 'Calle 4444, Medellín', 'Gerente', 3100.00);


INSERT INTO Maquinaria (tipo, descripcion, estado, fecha_adquisicion) VALUES
('Tractor', 'Tractor de mediana potencia para arado y transporte', 'Operativo', '2020-03-15'),
('Arado', 'Arado de discos para preparación de terreno', 'Operativo', '2019-07-10'),
('Sembradora', 'Sembradora de precisión para maíz', 'En reparación', '2021-05-20'),
('Cosechadora', 'Cosechadora para trigo y cebada', 'Operativo', '2018-09-05'),
('Sistema de riego', 'Sistema de aspersores móviles', 'Operativo', '2022-01-12'),
('Pulverizador', 'Pulverizador para fertilizantes líquidos', 'Operativo', '2021-06-18'),
('Motocultor', 'Motocultor compacto para pequeñas parcelas', 'Operativo', '2020-08-22'),
('Carreta agrícola', 'Carreta para transporte de productos', 'Operativo', '2019-03-17'),
('Picadora', 'Picadora de forrajes para alimentación animal', 'En reparación', '2021-11-09'),
('Motosierra', 'Motosierra para poda de árboles', 'Operativo', '2020-02-14'),
('Desbrozadora', 'Desbrozadora de malezas portátil', 'Operativo', '2019-06-21'),
('Bomba de agua', 'Bomba de agua para riego por inundación', 'Operativo', '2022-03-03'),
('Generador eléctrico', 'Generador para emergencias', 'Operativo', '2021-07-11'),
('Cortadora de césped', 'Cortadora para mantenimiento de áreas verdes', 'Operativo', '2020-04-25'),
('Trituradora', 'Trituradora de ramas para compost', 'En reparación', '2019-10-15'),
('Arado de cincel', 'Arado para romper suelos compactos', 'Operativo', '2020-09-19'),
('Rotocultor', 'Rotocultor para mezclar fertilizantes con el suelo', 'Operativo', '2021-02-28'),
('Remolque', 'Remolque grande para transporte de insumos', 'Operativo', '2018-12-07'),
('Pala cargadora', 'Pala cargadora frontal para el tractor', 'Operativo', '2019-08-13'),
('Fumigadora', 'Fumigadora portátil para plaguicidas', 'Operativo', '2022-05-06'),
('Elevador hidráulico', 'Elevador para manipulación de maquinaria pesada', 'En reparación', '2021-09-29'),
('Cultivador', 'Cultivador mecánico para remover suelo', 'Operativo', '2020-01-15'),
('Rastrillo', 'Rastrillo de barras para recolección de pasto', 'Operativo', '2021-08-04'),
('Embaladora', 'Embaladora de heno para pacas', 'Operativo', '2022-02-20'),
('Compactador de suelo', 'Compactador para nivelación del terreno', 'Operativo', '2019-11-18'),
('Sopladora', 'Sopladora para limpieza de áreas agrícolas', 'Operativo', '2020-06-30'),
('Carro mezclador', 'Carro mezclador de alimentos para ganado', 'Operativo', '2021-04-12'),
('Turbina eólica', 'Turbina para generación de energía', 'Operativo', '2022-07-01'),
('Drone agrícola', 'Drone para monitoreo de cultivos', 'Operativo', '2021-12-14'),
('Estación meteorológica', 'Estación para monitoreo climático', 'Operativo', '2020-10-10'),
('Labranza vertical', 'Equipo para labranza sin remoción de suelo', 'Operativo', '2019-02-25'),
('Camión agrícola', 'Camión pequeño para transporte local', 'En reparación', '2021-03-30'),
('Balanza electrónica', 'Balanza para pesar productos agrícolas', 'Operativo', '2022-08-22'),
('Equipo de ordeño', 'Equipo automatizado para ordeño de vacas', 'Operativo', '2021-05-25'),
('Tanque de almacenamiento', 'Tanque para fertilizantes líquidos', 'Operativo', '2019-09-13'),
('Equipo de compostaje', 'Máquina para procesar compost', 'Operativo', '2020-07-20'),
('Segadora', 'Segadora de pasto para forraje', 'Operativo', '2022-01-03'),
('Trituradora de maíz', 'Trituradora para granos de maíz', 'Operativo', '2018-11-14'),
('Camión cisterna', 'Camión cisterna para transporte de agua', 'Operativo', '2020-12-09'),
('Excavadora', 'Excavadora compacta para movimiento de tierra', 'Operativo', '2021-06-02'),
('Cámara frigorífica', 'Cámara para almacenamiento de productos', 'En reparación', '2022-09-15'),
('Ensiladora', 'Ensiladora para conservación de forrajes', 'Operativo', '2020-02-18'),
('Sierra de cinta', 'Sierra para cortar madera', 'Operativo', '2021-07-21'),
('Plataforma elevadora', 'Plataforma para acceso a zonas altas', 'En reparación', '2020-05-11'),
('Pulverizador de mochila', 'Pulverizador manual para uso local', 'Operativo', '2019-04-23'),
('Prensa hidráulica', 'Prensa para empacar productos', 'Operativo', '2021-01-10'),
('Trilladora', 'Trilladora para separar grano de cereales', 'Operativo', '2020-09-27'),
('Máquina de pellets', 'Máquina para producción de alimento en pellets', 'Operativo', '2022-06-14'),
('Aireador de estanques', 'Aireador para mantenimiento de agua', 'Operativo', '2021-11-19'),
('Máquina clasificadora', 'Clasificadora para separar productos agrícolas por tamaño', 'Operativo', '2021-10-05');


INSERT INTO Mantenimiento (id_maquinaria, id_empleado, fecha, descripcion, costo) 
VALUES
(1, 1, '2024-01-15', 'Cambio de aceite en tractor, revisión de filtros y sistemas hidráulicos.', 150.00),
(2, 2, '2024-01-18', 'Revisión y calibración de la sembradora de maíz.', 200.00),
(3, 3, '2024-01-20', 'Mantenimiento preventivo en cosechadora, limpieza de partes móviles.', 180.00),
(4, 4, '2024-01-22', 'Revisión del sistema eléctrico de la pulverizadora.', 120.00),
(5, 5, '2024-01-25', 'Reemplazo de partes dañadas en la sembradora de arroz.', 220.00),
(6, 6, '2024-01-28', 'Mantenimiento de los neumáticos de la excavadora.', 90.00),
(7, 7, '2024-02-01', 'Revisión general y reemplazo de aceites en el tractor de tracción.', 140.00),
(8, 8, '2024-02-05', 'Inspección y ajuste de los frenos en la cosechadora.', 110.00),
(9, 9, '2024-02-08', 'Revisión de sistemas hidráulicos en la sembradora.', 130.00),
(10, 10, '2024-02-11', 'Cambio de filtros y revisión del sistema de inyección de la pulverizadora.', 150.00),
(11, 11, '2024-02-15', 'Reparación del sistema de arranque en el tractor de repuesto.', 160.00),
(12, 12, '2024-02-18', 'Mantenimiento en el sistema de riego automático.', 190.00),
(13, 13, '2024-02-21', 'Reemplazo de piezas en la sembradora de maíz.', 175.00),
(14, 14, '2024-02-23', 'Ajuste en el sistema hidráulico de la cosechadora.', 220.00),
(15, 15, '2024-02-26', 'Revisión y reemplazo de piezas desgastadas en la sembradora de arroz.', 210.00),
(16, 16, '2024-03-01', 'Cambio de correas y revisión de sistemas en la excavadora.', 200.00),
(17, 17, '2024-03-04', 'Reparación del sistema eléctrico en la pulverizadora.', 180.00),
(18, 18, '2024-03-06', 'Mantenimiento en los sistemas hidráulicos de la sembradora.', 140.00),
(19, 19, '2024-03-10', 'Inspección general de la cosechadora y ajuste de piezas.', 160.00),
(20, 20, '2024-03-13', 'Revisión de los frenos de la sembradora de arroz.', 150.00),
(21, 21, '2024-03-17', 'Cambio de aceite y revisión de filtros en el tractor.', 180.00),
(22, 22, '2024-03-20', 'Inspección de las partes móviles en la cosechadora.', 170.00),
(23, 23, '2024-03-22', 'Reparación del sistema hidráulico en la sembradora de maíz.', 200.00),
(24, 24, '2024-03-26', 'Ajuste en los sistemas de dirección del tractor.', 190.00),
(25, 25, '2024-03-29', 'Mantenimiento preventivo de la excavadora.', 160.00),
(26, 26, '2024-04-02', 'Revisión y limpieza de los filtros de la pulverizadora.', 130.00),
(27, 27, '2024-04-04', 'Reemplazo de piezas dañadas en el sistema hidráulico de la sembradora.', 210.00),
(28, 28, '2024-04-07', 'Inspección de la estructura del tractor de tracción.', 180.00),
(29, 29, '2024-04-10', 'Revisión de los frenos en la sembradora de arroz.', 140.00),
(30, 30, '2024-04-12', 'Cambio de correas y revisión del sistema de transmisión de la cosechadora.', 150.00),
(31, 31, '2024-04-15', 'Mantenimiento preventivo en la excavadora, revisión del motor.', 170.00),
(32, 32, '2024-04-18', 'Revisión y cambio de aceites en la pulverizadora.', 130.00),
(33, 33, '2024-04-20', 'Reparación del sistema eléctrico en el tractor de repuesto.', 180.00),
(34, 34, '2024-04-23', 'Reemplazo de piezas desgastadas en la sembradora de maíz.', 160.00),
(35, 35, '2024-04-26', 'Inspección de la estructura de la cosechadora y revisión del sistema hidráulico.', 200.00),
(36, 36, '2024-04-30', 'Cambio de filtros y revisión de sistemas en la sembradora de arroz.', 190.00),
(37, 37, '2024-05-03', 'Mantenimiento de las partes móviles de la excavadora.', 150.00),
(38, 38, '2024-05-06', 'Reparación del sistema hidráulico de la pulverizadora.', 220.00),
(39, 39, '2024-05-09', 'Revisión y mantenimiento preventivo de la sembradora de maíz.', 180.00),
(40, 40, '2024-05-12', 'Reemplazo de partes dañadas en la cosechadora.', 210.00),
(41, 41, '2024-05-15', 'Mantenimiento del sistema de dirección del tractor de tracción.', 160.00),
(42, 42, '2024-05-17', 'Ajuste de las ruedas de la sembradora de arroz.', 140.00),
(43, 43, '2024-05-20', 'Revisión de las partes móviles en la excavadora.', 190.00),
(44, 44, '2024-05-23', 'Reparación de los frenos de la pulverizadora.', 150.00),
(45, 45, '2024-05-26', 'Cambio de aceite y limpieza de filtros en el tractor.', 160.00),
(46, 46, '2024-05-29', 'Inspección y ajuste de los sistemas hidráulicos de la cosechadora.', 210.00),
(47, 47, '2024-06-01', 'Reemplazo de correas en la sembradora de maíz.', 170.00),
(48, 48, '2024-06-04', 'Revisión de sistemas de transmisión en la pulverizadora.', 150.00),
(49, 49, '2024-06-07', 'Reparación del sistema hidráulico de la excavadora.', 180.00),
(50, 50, '2024-06-10', 'Mantenimiento general del tractor, revisión del sistema eléctrico y cambio de filtros.', 200.00);


INSERT INTO Productos (nombre, tipo, descripcion, precio, unidad_medida) VALUES
('Maíz', 'Cereal', 'Maíz amarillo cosechado', 0.90, 'kg'),
('Trigo', 'Cereal', 'Trigo de alta calidad', 1.10, 'kg'),
('Cebada', 'Cereal', 'Cebada para forraje y consumo', 1.20, 'kg'),
('Avena', 'Cereal', 'Avena para consumo humano', 1.50, 'kg'),
('Arroz paddy', 'Cereal', 'Arroz paddy sin procesar', 0.80, 'kg'),
('Papa criolla', 'Tubérculo', 'Papa criolla fresca', 1.20, 'kg'),
('Papa pastusa', 'Tubérculo', 'Papa pastusa de alta calidad', 1.00, 'kg'),
('Yuca', 'Tubérculo', 'Yuca dulce lista para cocinar', 0.70, 'kg'),
('Zanahoria', 'Vegetal', 'Zanahorias frescas y crujientes', 1.50, 'kg'),
('Remolacha', 'Vegetal', 'Remolacha orgánica', 1.30, 'kg'),
('Cebolla larga', 'Vegetal', 'Cebolla larga para cocina', 0.90, 'kg'),
('Cebolla cabezona', 'Vegetal', 'Cebolla cabezona amarilla', 1.10, 'kg'),
('Tomate de árbol', 'Fruta', 'Tomates de árbol frescos', 2.00, 'kg'),
('Tomate chonto', 'Vegetal', 'Tomate chonto maduro', 1.80, 'kg'),
('Pimentón', 'Vegetal', 'Pimentón rojo fresco', 2.50, 'kg'),
('Ajo', 'Vegetal', 'Ajos secos para cocina', 2.00, 'kg'),
('Plátano hartón', 'Fruta', 'Plátanos maduros o verdes', 1.50, 'kg'),
('Banano', 'Fruta', 'Banano de exportación', 1.20, 'kg'),
('Guayaba', 'Fruta', 'Guayaba dulce para bocadillos', 1.80, 'kg'),
('Mango', 'Fruta', 'Mangos frescos tipo azúcar', 2.50, 'kg'),
('Limón', 'Fruta', 'Limones verdes frescos', 1.00, 'kg'),
('Mandarina', 'Fruta', 'Mandarinas dulces y jugosas', 1.20, 'kg'),
('Naranja', 'Fruta', 'Naranjas dulces para jugo', 1.50, 'kg'),
('Piña', 'Fruta', 'Piñas dulces de alta calidad', 3.00, 'unidad'),
('Café pergamino', 'Grano', 'Café pergamino seco', 5.00, 'kg'),
('Frijol', 'Leguminosa', 'Frijoles secos tipo cargamanto', 1.80, 'kg'),
('Arveja', 'Leguminosa', 'Arvejas frescas en vaina', 1.50, 'kg'),
('Lenteja', 'Leguminosa', 'Lentejas secas para cocinar', 1.20, 'kg'),
('Haba', 'Leguminosa', 'Habas frescas en vaina', 1.40, 'kg'),
('Melón', 'Fruta', 'Melón dulce de pulpa naranja', 3.50, 'unidad'),
('Sandía', 'Fruta', 'Sandía grande y jugosa', 5.00, 'unidad'),
('Ahuyama', 'Vegetal', 'Ahuyama para sopas y purés', 1.00, 'kg'),
('Espinaca', 'Vegetal', 'Hojas frescas de espinaca', 0.80, 'kg'),
('Lechuga Batavia', 'Vegetal', 'Lechuga fresca lista para ensaladas', 1.00, 'unidad'),
('Cilantro', 'Vegetal', 'Racimos de cilantro fresco', 0.50, 'unidad'),
('Repollo', 'Vegetal', 'Repollo verde grande', 1.50, 'unidad'),
('Fresa', 'Fruta', 'Fresas dulces para consumo', 3.00, 'kg'),
('Mora', 'Fruta', 'Moras frescas para jugos', 2.50, 'kg'),
('Papaya', 'Fruta', 'Papayas grandes y dulces', 3.50, 'unidad'),
('Guayacán', 'Árbol', 'Plántulas de guayacán para cultivo', 2.00, 'unidad'),
('Flor de Jamaica', 'Floral', 'Flores secas para infusión', 1.50, 'paquete'),
('Maíz forrajero', 'Forraje', 'Maíz para alimento animal', 0.60, 'kg'),
('Sorgo', 'Forraje', 'Sorgo seco para ganado', 0.70, 'kg'),
('Alfalfa', 'Forraje', 'Alfalfa fresca en pacas', 1.20, 'kg'),
('Tronadora', 'Medicinal', 'Hojas secas de tronadora', 2.00, 'paquete'),
('Cúrcuma', 'Especia', 'Cúrcuma fresca para uso medicinal', 3.00, 'kg'),
('Jengibre', 'Especia', 'Raíz de jengibre fresca', 2.50, 'kg'),
('Rábano', 'Vegetal', 'Rábanos frescos y crujientes', 1.00, 'kg'),
('Calabacín', 'Vegetal', 'Calabacines frescos de tamaño mediano', 1.80, 'kg'),
('Granadilla', 'Fruta', 'Granadillas dulces con semillas comestibles', 2.20, 'unidad');


INSERT INTO Inventario (id_producto, cantidad, fecha_actualizacion) VALUES
(1, 150.00, '2024-01-15'),
(2, 200.50, '2024-01-16'),
(3, 75.30, '2024-01-17'),
(4, 180.00, '2024-01-18'),
(5, 500.00, '2024-01-19'),
(6, 300.00, '2024-01-20'),
(7, 120.00, '2024-01-21'),
(8, 400.00, '2024-01-22'),
(9, 350.00, '2024-01-23'),
(10, 290.00, '2024-01-24'),
(11, 150.00, '2024-01-25'),
(12, 230.00, '2024-01-26'),
(13, 110.00, '2024-01-27'),
(14, 140.00, '2024-01-28'),
(15, 200.00, '2024-01-29'),
(16, 80.00, '2024-01-30'),
(17, 300.00, '2024-02-01'),
(18, 250.00, '2024-02-02'),
(19, 90.00, '2024-02-03'),
(20, 120.00, '2024-02-04'),
(21, 450.00, '2024-02-05'),
(22, 180.00, '2024-02-06'),
(23, 200.00, '2024-02-07'),
(24, 310.00, '2024-02-08'),
(25, 220.00, '2024-02-09'),
(26, 100.00, '2024-02-10'),
(27, 500.00, '2024-02-11'),
(28, 120.00, '2024-02-12'),
(29, 350.00, '2024-02-13'),
(30, 270.00, '2024-02-14'),
(31, 90.00, '2024-02-15'),
(32, 80.00, '2024-02-16'),
(33, 60.00, '2024-02-17'),
(34, 500.00, '2024-02-18'),
(35, 200.00, '2024-02-19'),
(36, 150.00, '2024-02-20'),
(37, 350.00, '2024-02-21'),
(38, 400.00, '2024-02-22'),
(39, 300.00, '2024-02-23'),
(40, 500.00, '2024-02-24'),
(41, 100.00, '2024-02-25'),
(42, 180.00, '2024-02-26'),
(43, 60.00, '2024-02-27'),
(44, 200.00, '2024-02-28'),
(45, 90.00, '2024-03-01'),
(46, 120.00, '2024-03-02'),
(47, 500.00, '2024-03-03'),
(48, 300.00, '2024-03-04'),
(49, 400.00, '2024-03-05'),
(50, 320.00, '2024-03-06');


INSERT INTO Clientes (nombre, telefono, correo, direccion)
VALUES
('Juan Pérez', '3001234567', 'juan.perez@email.com', 'Calle 10 #15-20, Bogotá'),
('Ana Gómez', '3002345678', 'ana.gomez@email.com', 'Carrera 5 #30-40, Medellín'),
('Carlos López', '3003456789', 'carlos.lopez@email.com', 'Avenida del Libertador #50-60, Cali'),
('Marta Sánchez', '3004567890', 'marta.sanchez@email.com', 'Calle 4 #10-30, Barranquilla'),
('Pedro Rodríguez', '3005678901', 'pedro.rodriguez@email.com', 'Calle Real #2-10, Bucaramanga'),
('Lucía Martínez', '3006789012', 'lucia.martinez@email.com', 'Avenida 80 #60-70, Cartagena'),
('Raúl Fernández', '3007890123', 'raul.fernandez@email.com', 'Callejón 1 #5-8, Santa Marta'),
('Isabel Torres', '3008901234', 'isabel.torres@email.com', 'Calle 6 #18-25, Pereira'),
('Luis Díaz', '3009012345', 'luis.diaz@email.com', 'Carrera 12 #35-45, Ibagué'),
('Verónica Ruiz', '3001122334', 'veronica.ruiz@email.com', 'Avenida de los Andes #40-50, Manizales'),
('Javier Jiménez', '3002233445', 'javier.jimenez@email.com', 'Calle del Sol #60-75, Neiva'),
('Patricia Fernández', '3003344556', 'patricia.fernandez@email.com', 'Calle de la Luna #20-30, Armenia'),
('David Gómez', '3004455667', 'david.gomez@email.com', 'Carrera 7 #25-35, Cúcuta'),
('Carlos Vargas', '3005566778', 'carlos.vargas@email.com', 'Callejón del Río #10-20, Pasto'),
('Juanita Herrera', '3006677889', 'juanita.herrera@email.com', 'Calle 9 #15-22, Villavicencio'),
('Antonio López', '3007788990', 'antonio.lopez@email.com', 'Avenida Principal #70-80, Tuluá'),
('Juliana Rodríguez', '3008899001', 'juliana.rodriguez@email.com', 'Calle 11 #40-50, Popayán'),
('Fernando Castro', '3009900112', 'fernando.castro@email.com', 'Carrera 3 #5-15, Riohacha'),
('Claudia Álvarez', '3001234556', 'claudia.alvarez@email.com', 'Calle La Paz #50-60, Soledad'),
('Eduardo Pérez', '3002345667', 'eduardo.perez@email.com', 'Avenida 5 #60-70, San Andrés'),
('María Fernanda García', '3003456778', 'maria.fernanda.garcia@email.com', 'Calle Central #30-40, Tumaco'),
('Álvaro Mendoza', '3004567889', 'alvaro.mendoza@email.com', 'Callejón de la Estación #25-30, Quibdó'),
('José Antonio Cruz', '3005678990', 'jose.antonio.cruz@email.com', 'Carrera 13 #45-55, Valledupar'),
('Silvia Pérez', '3006789001', 'silvia.perez@email.com', 'Calle 2 #35-45, Palmira'),
('Ricardo Torres', '3007890112', 'ricardo.torres@email.com', 'Carrera 14 #60-70, Armenia'),
('Elena Díaz', '3008901223', 'elena.diaz@email.com', 'Avenida 15 #40-50, Chía'),
('Raúl Martínez', '3009012334', 'raul.martinez@email.com', 'Calle 8 #20-30, Montería'),
('Mónica Romero', '3001122445', 'monica.romero@email.com', 'Callejón del Bosque #10-15, Barranquilla'),
('Diego Rodríguez', '3002233556', 'diego.rodriguez@email.com', 'Carrera 10 #15-20, Manizales'),
('Cristina Jiménez', '3003344667', 'cristina.jimenez@email.com', 'Avenida 16 #30-40, Cali'),
('Mario López', '3004455778', 'mario.lopez@email.com', 'Calle La Sabana #50-60, Cúcuta'),
('Laura Hernández', '3005566889', 'laura.hernandez@email.com', 'Callejón de la Cultura #15-25, Pereira'),
('Héctor García', '3006677990', 'hector.garcia@email.com', 'Carrera 5 #25-30, Barranquilla'),
('Andrea Fernández', '3007788101', 'andrea.fernandez@email.com', 'Avenida Libertador #30-40, Bucaramanga'),
('Roberto Martínez', '3008899212', 'roberto.martinez@email.com', 'Calle del Mercado #10-15, Tuluá'),
('Eva Ruiz', '3009900323', 'eva.ruiz@email.com', 'Carrera 18 #20-30, Santa Marta'),
('Luis Alberto Torres', '3001122333', 'luis.alberto.torres@email.com', 'Avenida Nacional #60-70, Ibagué'),
('Sara Gómez', '3002233444', 'sara.gomez@email.com', 'Calle 13 #15-25, Popayán'),
('Carlos Ernesto López', '3003344555', 'carlos.ernesto.lopez@email.com', 'Callejón de la Mariposa #35-45, Riohacha'),
('Beatriz Sánchez', '3004455666', 'beatriz.sanchez@email.com', 'Avenida de los Pinos #20-30, Villavicencio'),
('Carlos Alberto Díaz', '3005566777', 'carlos.alberto.diaz@email.com', 'Callejón del Sol #50-60, Chía'),
('Gloria López', '3006677888', 'gloria.lopez@email.com', 'Carrera 20 #40-50, Bogotá'),
('José Luis García', '3007788999', 'jose.luis.garcia@email.com', 'Callejón de la Rosa #15-20, Quibdó'),
('Nancy Castro', '3008899000', 'nancy.castro@email.com', 'Carrera 3 #5-15, Tumaco'),
('Miguel Ángel Rodríguez', '3009900113', 'miguel.angel.rodriguez@email.com', 'Avenida de la Libertad #60-70, Valledupar'),
('Juan Carlos Gómez', '3001234678', 'juan.carlos.gomez@email.com', 'Calle del Sol #10-20, Medellín'),
('Claudia Carolina Martínez', '3002345789', 'claudia.carolina.martinez@email.com', 'Carrera 7 #30-40, Cúcuta'),
('Santiago Pérez', '3003456890', 'santiago.perez@email.com', 'Callejón de la Paz #15-25, Bucaramanga'),
('Alejandra González', '3004567901', 'alejandra.gonzalez@email.com', 'Calle Real #50-60, Chía'),
('David Jiménez', '3005679012', 'david.jimenez@email.com', 'Carrera 10 #25-35, Barranquilla'),
('Carlos Alberto Ruiz', '3006789123', 'carlos.alberto.ruiz@email.com', 'Avenida del Río #40-50, Tuluá'),
('Nicolás Herrera', '3007890234', 'nicolas.herrera@email.com', 'Calle 13 #20-30, Cali'),
('Juan Fernando Sánchez', '3008901345', 'juan.fernando.sanchez@email.com', 'Carrera 6 #60-70, Santa Marta'),
('Patricia López', '3009012456', 'patricia.lopez@email.com', 'Avenida de los Nogales #30-40, Neiva');


INSERT INTO Ventas (id_cliente, id_empleado, fecha, total) VALUES
(1, 1, '2024-01-01', 150.50),
(2, 2, '2024-01-02', 300.00),
(3, 1, '2024-01-03', 200.75),
(4, 3, '2024-01-04', 400.10),
(5, 2, '2024-01-05', 125.50),
(6, 4, '2024-01-06', 350.20),
(7, 5, '2024-01-07', 275.00),
(8, 3, '2024-01-08', 180.00),
(9, 1, '2024-01-09', 450.80),
(10, 2, '2024-01-10', 500.00),
(11, 4, '2024-01-11', 300.50),
(12, 3, '2024-01-12', 400.75),
(13, 5, '2024-01-13', 320.30),
(14, 2, '2024-01-14', 180.00),
(15, 1, '2024-01-15', 150.90),
(16, 3, '2024-01-16', 230.60),
(17, 4, '2024-01-17', 180.10),
(18, 5, '2024-01-18', 500.00),
(19, 2, '2024-01-19', 220.50),
(20, 1, '2024-01-20', 190.80),
(21, 3, '2024-01-21', 450.20),
(22, 4, '2024-01-22', 275.10),
(23, 5, '2024-01-23', 340.70),
(24, 2, '2024-01-24', 300.50),
(25, 1, '2024-01-25', 200.00),
(26, 3, '2024-01-26', 180.40),
(27, 4, '2024-01-27', 500.00),
(28, 5, '2024-01-28', 375.10),
(29, 2, '2024-01-29', 290.50),
(30, 1, '2024-01-30', 450.00),
(31, 3, '2024-01-31', 380.20),
(32, 4, '2024-02-01', 220.30),
(33, 5, '2024-02-02', 500.00),
(34, 2, '2024-02-03', 310.50),
(35, 1, '2024-02-04', 180.80),
(36, 3, '2024-02-05', 220.00),
(37, 4, '2024-02-06', 450.00),
(38, 5, '2024-02-07', 500.00),
(39, 2, '2024-02-08', 320.00),
(40, 1, '2024-02-09', 290.30),
(41, 3, '2024-02-10', 380.00),
(42, 4, '2024-02-11', 500.00),
(43, 5, '2024-02-12', 340.50),
(44, 2, '2024-02-13', 400.00),
(45, 1, '2024-02-14', 150.75),
(46, 3, '2024-02-15', 250.00),
(47, 4, '2024-02-16', 500.00),
(48, 5, '2024-02-17', 420.00),
(49, 2, '2024-02-18', 300.60),
(50, 1, '2024-02-19', 180.50);


INSERT INTO DetalleVentas (id_venta, id_producto, cantidad, precio_unitario) VALUES

(1, 1, 100.00, 0.90),

(1, 2, 50.00, 1.10),

(2, 3, 150.00, 1.20),

(2, 4, 100.00, 1.50),

(3, 5, 200.00, 0.80),

(3, 6, 80.00, 1.20),

(4, 7, 120.00, 1.50),

(4, 8, 90.00, 1.10),

(5, 9, 50.00, 1.20),

(5, 10, 100.00, 1.80),

(6, 11, 200.00, 2.00),

(6, 12, 50.00, 1.50),

(7, 13, 80.00, 1.00),

(7, 14, 100.00, 2.50),

(8, 15, 150.00, 2.50),

(8, 16, 50.00, 2.00),

(9, 17, 60.00, 1.50),

(9, 18, 40.00, 2.50),

(10, 19, 100.00, 1.80),

(10, 20, 150.00, 2.50),

(11, 21, 100.00, 1.20),

(11, 22, 100.00, 1.50),

(12, 23, 120.00, 0.70),

(12, 24, 80.00, 1.00),

(13, 25, 60.00, 3.00),

(13, 26, 80.00, 2.50),

(14, 27, 90.00, 3.00),

(14, 28, 100.00, 2.00),

(15, 29, 100.00, 1.00),

(15, 30, 100.00, 1.50),

(16, 31, 120.00, 0.80),

(16, 32, 150.00, 1.20),

(17, 33, 80.00, 1.50),

(17, 34, 60.00, 2.00),

(18, 35, 100.00, 1.80),

(18, 36, 80.00, 1.60),

(19, 37, 150.00, 1.20),

(19, 38, 100.00, 1.50),

(20, 39, 80.00, 3.00),

(20, 40, 100.00, 2.50),

(21, 41, 120.00, 2.00),

(21, 42, 80.00, 1.50),

(22, 43, 200.00, 2.50),

(22, 44, 100.00, 1.80),

(23, 45, 100.00, 3.00),

(23, 46, 80.00, 2.50),

(24, 47, 50.00, 2.50),

(24, 48, 70.00, 1.80),

(25, 49, 80.00, 2.00),

(25, 50, 120.00, 1.50);

INSERT INTO Proveedores (nombre, telefono, correo, direccion)

VALUES

('AgroFinca S.A.S.', '314-1234567', 'contacto@agrofinca.com', 'Carrera 5 # 10-25, Valle del Cauca'),

('Finca El Cielo', '315-2345678', 'ventas@fincaelcielo.com', 'Vereda La Esperanza, Boyacá'),

('Hortalizas Los Andes', '317-3456789', 'info@hortalizaslosandes.com', 'Km 12 vía La Vega, Cundinamarca'),

('Semillas del Valle', '310-4567890', 'contacto@semillasdelvalle.com', 'Sector El Roble, Santander'),

('Finca La Toscana', '318-5678901', 'toscana@finca.com', 'Vereda Los Naranjos, Quindío'),

('AgroPlanta S.A.', '319-6789012', 'ventas@agroplanta.com', 'Carrera 7 # 15-30, Nariño'),

('La Sabana Verde', '321-7890123', 'sabana@verde.com', 'Km 8 vía Cúcuta, Norte de Santander'),

('Frutos de la Tierra', '322-8901234', 'frutos@tierra.com', 'Finca El Palmar, Meta'),

('AgroFuturo', '323-9012345', 'agrofuturo@agro.com', 'Sector El Parque, Huila'),

('Finca Santa Teresa', '324-0123456', 'santateresa@finca.com', 'Vereda La Loma, Antioquia'),

('Productos del Campo', '325-1234567', 'productos@campo.com', 'Vereda San Juan, Tolima'),

('Finca Las Delicias', '326-2345678', 'info@lasdeliciasfinca.com', 'Carrera 12 # 8-15, Cauca'),

('AgroFrutos S.A.S.', '327-3456789', 'contacto@agrofrutos.com', 'Sector El Cerrito, Cesar'),

('Viveros El Edén', '328-4567890', 'edenviveros@agro.com', 'Km 4 vía Barranquilla, Atlántico'),

('Finca Los Pinos', '329-5678901', 'lospinos@finca.com', 'Vereda Las Palmas, Valle del Cauca'),

('Cosechas del Sol', '330-6789012', 'sol@cosechas.com', 'Carrera 5 # 11-20, Risaralda'),

('Finca La Esperanza', '331-7890123', 'esperanza@finca.com', 'Sector Santa Marta, Magdalena'),

('Semillas Agroverde', '332-8901234', 'agroverde@semillas.com', 'Vereda El Zapato, Cundinamarca'),

('Productos del Campo Verde', '333-9012345', 'campo@verde.com', 'Finca El Edén, Casanare'),

('AgroCosechas', '334-0123456', 'contacto@agrocosechas.com', 'Carrera 9 # 20-12, Bolívar'),

('Hortalizas El Campo', '335-1234567', 'hortalizas@campo.com', 'Km 5 vía Ibagué, Tolima'),

('Finca El Paraíso', '336-2345678', 'paraiso@finca.com', 'Vereda El Paraíso, Cundinamarca'),

('La Granja Agrícola', '337-3456789', 'granja@agricola.com', 'Sector Loma Linda, Valle del Cauca'),

('AgroTierra', '338-4567890', 'tierragro@agro.com', 'Vereda Los Andes, Quindío'),

('Finca Los Jardines', '339-5678901', 'jardines@finca.com', 'Km 3 vía Medellín, Antioquia'),

('Viveros y Cultivos Los Andes', '340-6789012', 'viveros@andes.com', 'Vereda Los Cedros, Boyacá'),

('Finca La Roca', '341-7890123', 'laroca@finca.com', 'Carrera 6 # 14-40, Nariño'),

('Cultivos el Sol', '342-8901234', 'solcultivos@campo.com', 'Finca El Sol, Huila'),

('Finca La Granja', '343-9012345', 'granja@finca.com', 'Sector La Loma, Tolima'),

('Semillas y Sembrios', '344-0123456', 'semillas@sembrios.com', 'Carrera 2 # 16-30, Sucre'),

('Finca El Oasis', '345-1234567', 'el@oasis.com', 'Km 10 vía Tuluá, Valle del Cauca'),

('AgroFinca El Valle', '346-2345678', 'contacto@agrofinca.com', 'Vereda San Antonio, Santander'),

('Finca La Bella', '347-3456789', 'bella@finca.com', 'Vereda La Calera, Cundinamarca'),

('Hortalizas Las Vegas', '348-4567890', 'vegas@hortalizas.com', 'Carrera 8 # 12-45, Atlántico'),

('AgroLínea', '349-5678901', 'contacto@agrolínea.com', 'Sector El Paraíso, Casanare'),

('Finca Los Cedros', '350-6789012', 'cedros@finca.com', 'Finca Los Cedros, Cundinamarca'),

('Finca Santa Catalina', '351-7890123', 'catalina@finca.com', 'Km 4 vía Tunja, Boyacá'),

('Finca El Encanto', '352-8901234', 'encanto@finca.com', 'Sector El Campo, Risaralda'),

('Semillas El Paraíso', '353-9012345', 'semillas@paraiso.com', 'Vereda El Mirador, Antioquia'),

('Productos La Bella', '354-0123456', 'productos@bella.com', 'Finca La Bella, Tolima'),

('AgroValle', '355-1234567', 'valle@agro.com', 'Carrera 3 # 11-70, Norte de Santander'),

('La Tierra Prometida', '356-2345678', 'tierra@prometida.com', 'Vereda La Estrella, Meta'),

('Finca Los Limones', '357-3456789', 'limones@finca.com', 'Km 12 vía Yopal, Casanare'),

('AgroCultivos La Luna', '358-4567890', 'luna@agrocultivos.com', 'Finca La Luna, Quindío'),

('Finca San Pedro', '359-5678901', 'sanpedro@finca.com', 'Vereda San Pedro, Santander'),

('Cosecha Tropical', '360-6789012', 'tropical@cosecha.com', 'Carrera 4 # 14-30, Bolívar'),

('Finca El Corral', '361-7890123', 'corral@finca.com', 'Km 7 vía Sogamoso, Boyacá'),

('Productos y Semillas El Sol', '362-8901234', 'sol@semillas.com', 'Finca El Sol, Huila'),

('AgroCosecha El Edén', '363-9012345', 'edén@agrocosecha.com', 'Vereda El Edén, Nariño'),

('Finca Las Palmas', '364-0123456', 'palmas@finca.com', 'Carrera 6 # 22-18, Córdoba'),

('Semillas del Sur', '365-1234567', 'sur@semillas.com', 'Finca El Sur, Cundinamarca'),

('Finca El Laurel', '366-2345678', 'laurel@finca.com', 'Km 9 vía Tuluá, Valle del Cauca'),

('AgroFinca Los Pinos', '367-3456789', 'lospinos@agrofinca.com', 'Vereda Los Naranjos, Santander'),

('Finca El Refugio', '368-4567890', 'refugio@finca.com', 'Vereda San Juan, Tolima'),

('La Cosecha del Valle', '369-5678901', 'cosechavalley@campo.com', 'Finca El Valle, Boyacá'),

('Finca San Antonio', '370-6789012', 'sanantonio@finca.com', 'Vereda El Carmen, Meta');

INSERT INTO Compras (id_proveedor, id_empleado, fecha, total)

VALUES

(1, 1, '2024-11-01', 1500.50),

(2, 2, '2024-11-02', 3200.00),

(3, 3, '2024-11-03', 4500.75),

(4, 4, '2024-11-04', 7800.25),

(5, 5, '2024-11-05', 6200.10),

(6, 6, '2024-11-06', 11200.40),

(7, 7, '2024-11-07', 3500.00),

(8, 8, '2024-11-08', 2900.90),

(9, 9, '2024-11-09', 5800.65),

(10, 10, '2024-11-10', 6400.50),

(11, 11, '2024-11-11', 2200.00),

(12, 12, '2024-11-12', 7700.25),

(13, 13, '2024-11-13', 8000.30),

(14, 14, '2024-11-14', 5200.00),

(15, 15, '2024-11-15', 3700.45),

(16, 16, '2024-11-16', 8900.00),

(17, 17, '2024-11-17', 6400.20),

(18, 18, '2024-11-18', 5400.35),

(19, 19, '2024-11-19', 10000.50),

(20, 20, '2024-11-20', 6800.90),

(21, 21, '2024-11-21', 9300.75),

(22, 22, '2024-11-22', 7600.15),

(23, 23, '2024-11-23', 11000.00),

(24, 24, '2024-11-24', 8500.60),

(25, 25, '2024-11-25', 4300.25),

(26, 26, '2024-11-26', 5100.35),

(27, 27, '2024-11-27', 5600.50),

(28, 28, '2024-11-28', 3300.45),

(29, 29, '2024-11-29', 6200.00),

(30, 30, '2024-11-30', 7700.35),

(31, 31, '2024-12-01', 6400.90),

(32, 32, '2024-12-02', 4500.75),

(33, 33, '2024-12-03', 8500.00),

(34, 34, '2024-12-04', 4200.25),

(35, 35, '2024-12-05', 5300.45),

(36, 36, '2024-12-06', 6100.10),

(37, 37, '2024-12-07', 3400.00),

(38, 38, '2024-12-08', 7800.00),

(39, 39, '2024-12-09', 9200.30),

(40, 40, '2024-12-10', 7700.50),

(41, 41, '2024-12-11', 9500.60),

(42, 42, '2024-12-12', 6800.00),

(43, 43, '2024-12-13', 8900.70),

(44, 44, '2024-12-14', 5200.00),

(45, 45, '2024-12-15', 6700.50),

(46, 46, '2024-12-16', 7200.00),

(47, 47, '2024-12-17', 8100.90),

(48, 48, '2024-12-18', 6000.50),

(49, 49, '2024-12-19', 8000.10),

(50, 50, '2024-12-20', 9300.35);

INSERT INTO DetalleCompras (id_compra, id_producto, cantidad, precio_unitario)

VALUES

(1, 1, 50, 30.00),

(1, 2, 30, 45.00),

(1, 3, 20, 70.00),

(2, 1, 100, 35.00),

(2, 4, 15, 100.00),

(2, 5, 40, 60.00),

(3, 3, 25, 70.00),

(3, 1, 60, 32.50),

(3, 6, 20, 80.00),

(4, 2, 30, 45.00),

(4, 5, 50, 55.00),

(4, 7, 10, 150.00),

(5, 3, 30, 70.00),

(5, 4, 25, 110.00),

(5, 6, 40, 65.00),

(6, 1, 50, 30.00),

(6, 3, 20, 75.00),

(6, 2, 40, 40.00),

(7, 4, 15, 100.00),

(7, 7, 30, 120.00),

(7, 5, 60, 60.00),

(8, 3, 20, 70.00),

(8, 6, 25, 85.00),

(8, 1, 70, 30.50),

(9, 4, 30, 95.00),

(9, 1, 50, 32.00),

(9, 3, 40, 68.00),

(10, 5, 50, 55.00),

(10, 2, 30, 45.00),

(10, 6, 20, 80.00),

(11, 7, 10, 120.00),

(11, 3, 30, 65.00),

(11, 1, 50, 33.50),

(12, 4, 15, 110.00),

(12, 2, 25, 45.00),

(12, 5, 50, 60.00),

(13, 3, 25, 70.00),

(13, 6, 20, 85.00),

(13, 1, 50, 31.50),

(14, 7, 10, 125.00),

(14, 1, 50, 32.00),

(14, 5, 20, 55.00),

(15, 4, 15, 100.00),

(15, 2, 30, 40.00),

(15, 6, 40, 65.00),

(16, 7, 20, 120.00),

(16, 1, 70, 32.00),

(16, 3, 25, 75.00),

(17, 2, 50, 45.00),

(17, 5, 30, 60.00),

(17, 6, 20, 85.00);

INSERT INTO Produccion (id_producto, fecha, cantidad) VALUES

(1, '2024-01-01', 1000.00),

(2, '2024-01-02', 800.00),

(3, '2024-01-03', 1200.00),

(4, '2024-01-04', 900.00),

(5, '2024-01-05', 1100.00),

(6, '2024-01-06', 1300.00),

(7, '2024-01-07', 1000.00),

(8, '2024-01-08', 950.00),

(9, '2024-01-09', 1100.00),

(10, '2024-01-10', 1200.00),

(11, '2024-01-11', 1000.00),

(12, '2024-01-12', 900.00),

(13, '2024-01-13', 800.00),

(14, '2024-01-14', 950.00),

(15, '2024-01-15', 1000.00),

(16, '2024-01-16', 1200.00),

(17, '2024-01-17', 1300.00),

(18, '2024-01-18', 1100.00),

(19, '2024-01-19', 1050.00),

(20, '2024-01-20', 1150.00),

(21, '2024-01-21', 1000.00),

(22, '2024-01-22', 1100.00),

(23, '2024-01-23', 1200.00),

(24, '2024-01-24', 1000.00),

(25, '2024-01-25', 900.00),

(26, '2024-01-26', 1100.00),

(27, '2024-01-27', 1200.00),

(28, '2024-01-28', 1300.00),

(29, '2024-01-29', 1100.00),

(30, '2024-01-30', 1000.00),

(31, '2024-02-01', 800.00),

(32, '2024-02-02', 950.00),

(33, '2024-02-03', 1000.00),

(34, '2024-02-04', 900.00),

(35, '2024-02-05', 1050.00),

(36, '2024-02-06', 1200.00),

(37, '2024-02-07', 1300.00),

(38, '2024-02-08', 950.00),

(39, '2024-02-09', 1100.00),

(40, '2024-02-10', 1000.00),

(41, '2024-02-11', 1050.00),

(42, '2024-02-12', 1150.00),

(43, '2024-02-13', 1000.00),

(44, '2024-02-14', 900.00),

(45, '2024-02-15', 1100.00),

(46, '2024-02-16', 1200.00),

(47, '2024-02-17', 1300.00),

(48, '2024-02-18', 1000.00),

(49, '2024-02-19', 1050.00),

(50, '2024-02-20', 1100.00);

INSERT INTO RelacionProveedoresProductos (id_proveedor, id_producto) VALUES

(1, 1),

(1, 2),

(2, 3),

(2, 4),

(3, 5),

(3, 6),

(4, 7),

(4, 8),

(5, 9),

(5, 10),

(6, 11),

(6, 12),

(7, 13),

(7, 14),

(8, 15),

(8, 16),

(9, 17),

(9, 18),

(10, 19),

(10, 20),

(11, 21),

(11, 22),

(12, 23),

(12, 24),

(13, 25),

(13, 26),

(14, 27),

(14, 28),

(15, 29),

(15, 30),

(16, 31),

(16, 32),

(17, 33),

(17, 34),

(18, 35),

(18, 36),

(19, 37),

(19, 38),

(20, 39),

(20, 40),

(21, 41),

(21, 42),

(22, 43),

(22, 44),

(23, 45),

(23, 46),

(24, 47),

(24, 48),

(25, 49),

(25, 50);

INSERT INTO RelacionClientesProductos (id_cliente, id_producto) VALUES

(1, 1),

(1, 3),

(1, 5),

(2, 2),

(2, 6),

(2, 8),

(3, 4),

(3, 7),

(3, 9),

(4, 10),

(4, 12),

(4, 14),

(5, 13),

(5, 15),

(5, 17),

(6, 18),

(6, 19),

(6, 20),

(7, 21),

(7, 22),

(7, 23),

(8, 24),

(8, 25),

(8, 26),

(9, 27),

(9, 28),

(9, 29),

(10, 30),

(10, 31),

(10, 32),

(11, 33),

(11, 34),

(11, 35),

(12, 36),

(12, 37),

(12, 38),

(13, 39),

(13, 40),

(13, 41),

(14, 42),

(14, 43),

(14, 44),

(15, 45),

(15, 46),

(15, 47),

(16, 48),

(16, 49),

(16, 50),

(17, 12),

(18, 19);

INSERT INTO AsignacionTareas (id_empleado, descripcion, fecha_asignacion, fecha_limite, estado) VALUES

(1, 'Cosecha de maíz en el campo 1', '2024-11-01', '2024-11-05', 'Pendiente'),

(1, 'Revisión de cultivos de papa', '2024-11-03', '2024-11-07', 'Pendiente'),

(2, 'Siembra de frijoles en el campo 2', '2024-11-02', '2024-11-08', 'En Progreso'),

(2, 'Mantenimiento de la maquinaria', '2024-11-04', '2024-11-06', 'Pendiente'),

(3, 'Recolección de frutos de guanábana', '2024-11-01', '2024-11-10', 'Completado'),

(3, 'Poda de los árboles de mango', '2024-11-05', '2024-11-12', 'Pendiente'),

(4, 'Preparación del terreno para siembra', '2024-11-06', '2024-11-09', 'En Progreso'),

(4, 'Revisión de las condiciones del riego', '2024-11-07', '2024-11-09', 'Pendiente'),

(5, 'Siembra de zanahoria', '2024-11-03', '2024-11-10', 'Pendiente'),

(5, 'Aplicación de fertilizantes en campo de arroz', '2024-11-01', '2024-11-04', 'Completado'),

(6, 'Mantenimiento del sistema de riego', '2024-11-04', '2024-11-08', 'Pendiente'),

(6, 'Recolección de tomates', '2024-11-07', '2024-11-12', 'Pendiente'),

(7, 'Cosecha de café en la finca 3', '2024-11-05', '2024-11-11', 'En Progreso'),

(7, 'Poda de los árboles de cítricos', '2024-11-02', '2024-11-05', 'Completado'),

(8, 'Revisión de inventarios de productos', '2024-11-06', '2024-11-08', 'Pendiente'),

(8, 'Entrega de productos a clientes', '2024-11-07', '2024-11-10', 'Pendiente'),

(9, 'Recogida de residuos agrícolas', '2024-11-02', '2024-11-04', 'Completado'),

(9, 'Siembra de alfalfa', '2024-11-01', '2024-11-05', 'Pendiente'),

(10, 'Aplicación de pesticidas en el campo 5', '2024-11-05', '2024-11-10', 'Pendiente'),

(10, 'Limpieza de las instalaciones', '2024-11-03', '2024-11-04', 'Completado'),

(11, 'Cosecha de plátanos', '2024-11-08', '2024-11-14', 'Pendiente'),

(11, 'Mantenimiento de los almacenes', '2024-11-09', '2024-11-11', 'Pendiente'),

(12, 'Revisión de condiciones de almacenamiento', '2024-11-02', '2024-11-04', 'Completado'),

(12, 'Cosecha de guayaba', '2024-11-03', '2024-11-07', 'En Progreso'),

(13, 'Siembra de maíz forrajero', '2024-11-01', '2024-11-05', 'Pendiente'),

(13, 'Revisión de la maquinaria de cosecha', '2024-11-07', '2024-11-09', 'En Progreso'),

(14, 'Recolección de uvas', '2024-11-04', '2024-11-09', 'Pendiente'),

(14, 'Cosecha de pepino', '2024-11-06', '2024-11-10', 'Pendiente'),

(15, 'Control de maleza en el campo 6', '2024-11-02', '2024-11-06', 'En Progreso'),

(15, 'Poda de árboles de café', '2024-11-05', '2024-11-08', 'Pendiente'),

(16, 'Siembra de pepino', '2024-11-01', '2024-11-04', 'Pendiente'),

(16, 'Preparación de las áreas para siembra de arroz', '2024-11-08', '2024-11-11', 'Pendiente'),

(17, 'Aplicación de herbicidas', '2024-11-06', '2024-11-09', 'Pendiente'),

(17, 'Revisión de equipos de riego', '2024-11-07', '2024-11-09', 'En Progreso'),

(18, 'Cosecha de fresa', '2024-11-05', '2024-11-10', 'Completado'),

(18, 'Mantenimiento del sistema eléctrico de la finca', '2024-11-02', '2024-11-03', 'Completado'),

(19, 'Siembra de cebada', '2024-11-03', '2024-11-07', 'Pendiente'),

(19, 'Recolección de remolacha', '2024-11-04', '2024-11-08', 'Pendiente'),

(20, 'Control de plagas en campo 2', '2024-11-01', '2024-11-03', 'Completado'),

(20, 'Poda de árboles frutales', '2024-11-06', '2024-11-08', 'Pendiente'),

(21, 'Siembra de arroz en campo 7', '2024-11-03', '2024-11-06', 'Pendiente'),

(21, 'Cosecha de habas', '2024-11-04', '2024-11-07', 'Pendiente'),

(22, 'Mantenimiento de los tanques de riego', '2024-11-07', '2024-11-09', 'En Progreso'),

(22, 'Siembra de alfalfa en campo 3', '2024-11-02', '2024-11-06', 'Pendiente'),

(23, 'Recolección de frambuesa', '2024-11-05', '2024-11-10', 'Pendiente'),

(23, 'Siembra de pimientos', '2024-11-06', '2024-11-09', 'Pendiente'),

(24, 'Control de maleza en campo de yuca', '2024-11-03', '2024-11-06', 'Pendiente'),

(24, 'Revisión de condiciones de cultivo de zanahoria', '2024-11-04', '2024-11-07', 'Pendiente'),

(25, 'Cosecha de caña de azúcar', '2024-11-01', '2024-11-04', 'Completado'),

(25, 'Limpieza de áreas de cultivo', '2024-11-05', '2024-11-08', 'Pendiente'),

(26, 'Recolección de guanábanas', '2024-11-02', '2024-11-05', 'En Progreso'),

(26, 'Siembra de frijoles en el campo 2', '2024-11-03', '2024-11-06', 'Pendiente'),

(27, 'Poda de hortalizas', '2024-11-06', '2024-11-09', 'Pendiente'),

(27, 'Revisión de inventarios de pesticidas', '2024-11-04', '2024-11-05', 'Completado'),

(28, 'Siembra de cebollas', '2024-11-01', '2024-11-04', 'Pendiente'),

(28, 'Revisión de campos de tomate', '2024-11-02', '2024-11-05', 'En Progreso'),

(29, 'Recolección de guayabas', '2024-11-07', '2024-11-10', 'Pendiente'),

(29, 'Siembra de yuca', '2024-11-03', '2024-11-06', 'Pendiente'),

(30, 'Mantenimiento del tractor', '2024-11-01', '2024-11-04', 'Pendiente'),

(30, 'Revisión de equipos de riego en campo 4', '2024-11-05', '2024-11-08', 'Pendiente'),

(31, 'Cosecha de zanahorias', '2024-11-06', '2024-11-09', 'Pendiente'),

(31, 'Poda de cultivos de hortalizas', '2024-11-02', '2024-11-05', 'En Progreso'),

(32, 'Revisión de plagas en campo de hortalizas', '2024-11-03', '2024-11-06', 'Pendiente'),

(32, 'Recolección de aguacates', '2024-11-04', '2024-11-07', 'Pendiente'),

(33, 'Mantenimiento de los cultivos de papa', '2024-11-01', '2024-11-04', 'Pendiente'),

(33, 'Siembra de pepinos en campo 5', '2024-11-07', '2024-11-10', 'Pendiente'),

(34, 'Control de plagas en campo 3', '2024-11-02', '2024-11-04', 'En Progreso'),

(34, 'Cosecha de pimientos', '2024-11-05', '2024-11-08', 'Pendiente'),

(35, 'Revisión de la maquinaria de siembra', '2024-11-03', '2024-11-06', 'Pendiente'),

(35, 'Poda de árboles de cítricos', '2024-11-04', '2024-11-07', 'Completado'),

(36, 'Siembra de maíz en campo 1', '2024-11-01', '2024-11-05', 'Pendiente'),

(36, 'Revisión de cultivos de guanábana', '2024-11-05', '2024-11-08', 'Pendiente');

