INSERT INTO Pagos_Empleados (pago_id, empleado_id, monto, fecha_pago, metodo_pago) VALUES
(1, 1, 3000.00, '2024-01-15', 'Transferencia bancaria'),
(2, 2, 3500.00, '2024-01-16', 'Efectivo'),
(3, 3, 2800.00, '2024-01-17', 'Cheque'),
(4, 4, 4500.00, '2024-01-18', 'Transferencia bancaria'),
(5, 5, 3800.00, '2024-01-19', 'Efectivo'),
(6, 6, 3200.00, '2024-01-20', 'Cheque'),
(7, 7, 3600.00, '2024-01-21', 'Transferencia bancaria'),
(8, 8, 4200.00, '2024-01-22', 'Efectivo'),
(9, 9, 2900.00, '2024-01-23', 'Cheque'),
(10, 10, 5000.00, '2024-01-24', 'Transferencia bancaria'),
(11, 11, 3100.00, '2024-02-01', 'Transferencia bancaria'),
(12, 12, 3600.00, '2024-02-02', 'Efectivo'),
(13, 13, 3300.00, '2024-02-03', 'Cheque'),
(14, 14, 4700.00, '2024-02-04', 'Transferencia bancaria'),
(15, 15, 4000.00, '2024-02-05', 'Efectivo'),
(16, 16, 3500.00, '2024-02-06', 'Cheque'),
(17, 17, 3700.00, '2024-02-07', 'Transferencia bancaria'),
(18, 18, 4200.00, '2024-02-08', 'Efectivo'),
(19, 19, 3100.00, '2024-02-09', 'Cheque'),
(20, 20, 5200.00, '2024-02-10', 'Transferencia bancaria'),
(21, 21, 3300.00, '2024-03-01', 'Transferencia bancaria'),
(22, 22, 3800.00, '2024-03-02', 'Efectivo'),
(23, 23, 3000.00, '2024-03-03', 'Cheque'),
(24, 24, 4900.00, '2024-03-04', 'Transferencia bancaria'),
(25, 25, 4300.00, '2024-03-05', 'Efectivo'),
(26, 26, 3700.00, '2024-03-06', 'Cheque'),
(27, 27, 3800.00, '2024-03-07', 'Transferencia bancaria'),
(28, 28, 4500.00, '2024-03-08', 'Efectivo'),
(29, 29, 3200.00, '2024-03-09', 'Cheque'),
(30, 30, 5100.00, '2024-03-10', 'Transferencia bancaria'),
(31, 31, 3400.00, '2024-04-01', 'Transferencia bancaria'),
(32, 32, 3900.00, '2024-04-02', 'Efectivo'),
(33, 33, 3200.00, '2024-04-03', 'Cheque'),
(34, 34, 4800.00, '2024-04-04', 'Transferencia bancaria'),
(35, 35, 4200.00, '2024-04-05', 'Efectivo'),
(36, 36, 3700.00, '2024-04-06', 'Cheque'),
(37, 37, 3900.00, '2024-04-07', 'Transferencia bancaria'),
(38, 38, 4600.00, '2024-04-08', 'Efectivo'),
(39, 39, 3300.00, '2024-04-09', 'Cheque'),
(40, 40, 5300.00, '2024-04-10', 'Transferencia bancaria'),
(41, 41, 3500.00, '2024-05-01', 'Transferencia bancaria'),
(42, 42, 4000.00, '2024-05-02', 'Efectivo'),
(43, 43, 3300.00, '2024-05-03', 'Cheque'),
(44, 44, 4900.00, '2024-05-04', 'Transferencia bancaria'),
(45, 45, 4200.00, '2024-05-05', 'Efectivo'),
(46, 46, 3700.00, '2024-05-06', 'Cheque'),
(47, 47, 3800.00, '2024-05-07', 'Transferencia bancaria'),
(48, 48, 4600.00, '2024-05-08', 'Efectivo'),
(49, 49, 3400.00, '2024-05-09', 'Cheque'),
(50, 50, 5500.00, '2024-05-10', 'Transferencia bancaria');



INSERT INTO Roles (rol_id, nombre_rol, descripcion) VALUES
(1, 'Administrador', 'Responsable de gestionar todos los aspectos de la empresa, incluyendo acceso total a los sistemas.'),
(2, 'Gerente', 'Encargado de supervisar y coordinar las actividades de los departamentos dentro de la empresa.'),
(3, 'Vendedor', 'Encargado de interactuar directamente con los clientes, realizando ventas y gestionando pedidos.'),
(4, 'Contador', 'Encargado de llevar los registros financieros, realizar auditorías y preparar informes contables.'),
(5, 'Asistente de ventas', 'Apoya al vendedor en la gestión de pedidos, atención al cliente y seguimiento de ventas.'),
(6, 'Técnico', 'Encargado de realizar tareas técnicas o de mantenimiento de maquinaria y equipos en la empresa.'),
(7, 'Analista', 'Responsable de analizar datos y generar informes de rendimiento para tomar decisiones informadas.'),
(8, 'Recepcionista', 'Se encarga de la atención inicial a los clientes y de coordinar citas y llamadas.'),
(9, 'Director de Recursos Humanos', 'Supervisa la gestión de personal, contratación, capacitación y bienestar de los empleados.'),
(10, 'Desarrollador', 'Responsable del desarrollo de software, aplicaciones y mantenimiento de sistemas informáticos.'),
(11, 'Supervisor de almacén', 'Supervisa la organización, el almacenamiento y el despacho de productos en el almacén.'),
(12, 'Jefe de producción', 'Supervisa el proceso de producción, asegura la calidad y el cumplimiento de los plazos.'),
(13, 'Asistente de producción', 'Apoya al equipo de producción en la organización de las tareas diarias y control de calidad.'),
(14, 'Director de operaciones', 'Encargado de supervisar la gestión general de las operaciones y los recursos de la empresa.'),
(15, 'Coordinador de logística', 'Gestiona la distribución y transporte de productos, asegurando una logística eficiente.'),
(16, 'Tesorero', 'Responsable de la gestión de los fondos de la empresa, inversiones y planificación financiera.'),
(17, 'Jefe de marketing', 'Supervisa las estrategias de marketing y promoción para aumentar las ventas de la empresa.'),
(18, 'Community Manager', 'Gestiona las redes sociales y la comunicación digital de la empresa.'),
(19, 'Chef', 'Responsable de la preparación de alimentos, control de calidad y supervisión de la cocina.'),
(20, 'Ayudante de cocina', 'Apoya en la preparación de alimentos, limpieza y organización de la cocina.'),
(21, 'Camarero', 'Atiende a los clientes en el área de restaurante, toma pedidos y sirve alimentos.'),
(22, 'Barista', 'Prepara y sirve bebidas como café y té a los clientes del establecimiento.'),
(23, 'Jefe de seguridad', 'Supervisa las operaciones de seguridad y controla el acceso a las instalaciones de la empresa.'),
(24, 'Guardia de seguridad', 'Encargado de patrullar, monitorear las instalaciones y asegurar la seguridad de las personas y bienes.'),
(25, 'Director de tecnología', 'Encargado de supervisar las estrategias tecnológicas y la infraestructura de IT de la empresa.'),
(26, 'Soporte técnico', 'Brinda asistencia técnica a empleados y clientes en relación con los sistemas de la empresa.'),
(27, 'Gestor de calidad', 'Responsable de implementar y mantener sistemas de gestión de calidad en los procesos de producción.'),
(28, 'Analista de recursos humanos', 'Se encarga de apoyar la gestión de personal, evaluaciones y el desarrollo organizacional.'),
(29, 'Asesor legal', 'Brinda asesoría legal a la empresa y se encarga de los temas legales y contractuales.'),
(30, 'Consultor externo', 'Proporciona asesoramiento especializado en áreas específicas de la empresa.'),
(31, 'Inspector de calidad', 'Supervisa que los productos o servicios cumplan con los estándares de calidad requeridos.'),
(32, 'Director comercial', 'Encargado de las estrategias comerciales y supervisión de las ventas a nivel empresarial.'),
(33, 'Vigilante nocturno', 'Se encarga de la seguridad durante la noche, realizando rondas de control.'),
(34, 'Ejecutivo de ventas', 'Responsable de gestionar las relaciones con los clientes y realizar ventas directas.'),
(35, 'Gerente de proyectos', 'Supervisa la ejecución de proyectos dentro de la empresa, asegurando su cumplimiento.'),
(36, 'Operario de producción', 'Participa en el proceso de producción, operando maquinaria y realizando tareas manuales.'),
(37, 'Capacitador', 'Responsable de impartir formación y capacitación a los empleados en diversos aspectos.'),
(38, 'Técnico de mantenimiento', 'Realiza mantenimiento preventivo y correctivo de equipos y maquinaria.'),
(39, 'Operador de maquinaria', 'Se encarga de operar maquinaria especializada en el proceso de producción.'),
(40, 'Recepcionista de hotel', 'Atiende a los huéspedes del hotel, gestionando reservas, check-ins y check-outs.'),
(41, 'Director de ventas', 'Responsable de establecer metas de ventas y coordinar las actividades del equipo de ventas.'),
(42, 'Gerente de ventas', 'Supervisa al equipo de ventas, desarrollando estrategias para alcanzar los objetivos de la empresa.'),
(43, 'Director financiero', 'Gestiona las finanzas de la empresa, controlando ingresos, egresos e inversiones.'),
(44, 'Ejecutivo de cuentas', 'Se encarga de gestionar las cuentas de clientes importantes y asegurar la satisfacción.'),
(45, 'Chef de pastelería', 'Especializado en la creación y preparación de postres y productos de pastelería.'),
(46, 'Técnico de IT', 'Se encarga del soporte y mantenimiento de los sistemas informáticos de la empresa.'),
(47, 'Asesor comercial', 'Asiste a los clientes en la elección de productos y servicios, ofreciendo recomendaciones.'),
(48, 'Administrador de bases de datos', 'Gestiona y mantiene las bases de datos de la empresa, asegurando su funcionamiento adecuado.'),
(49, 'Jefe de compras', 'Responsable de gestionar las compras y negociar con proveedores para obtener los mejores precios.'),
(50, 'Supervisor de tienda', 'Supervisa las operaciones diarias en una tienda, asegurando un servicio al cliente de calidad.');



INSERT INTO Usuarios (usuario_id, nombre_usuario, contrasena, rol_id) VALUES
(1, 'admin_juan', 'admin1234', 1),
(2, 'gerente_maria', 'gerente@123', 2),
(3, 'vendedor_luis', 'vendedor2024', 3),
(4, 'contador_ana', 'contador2024', 4),
(5, 'asistente_pablo', 'asistente@2024', 5),
(6, 'tecnico_jorge', 'tecnico9876', 6),
(7, 'analista_carla', 'analista&2024', 7),
(8, 'recepcionista_jorge', 'recep@123', 8),
(9, 'rh_lucia', 'rh@2024', 9),
(10, 'desarrollador_miguel', 'devpass#2024', 10),
(11, 'supervisor_juan', 'supervisor1', 11),
(12, 'jefe_produccion_carlos', 'produccion2024', 12),
(13, 'asistente_produccion_sofia', 'asistente@produccion', 13),
(14, 'director_operaciones_raquel', 'directora2024', 14),
(15, 'logistica_pablo', 'logistica_21', 15),
(16, 'tesorero_jorge', 'tesorero#2024', 16),
(17, 'marketing_claudia', 'marketing@2024', 17),
(18, 'community_manager_maria', 'comunitaria#2024', 18),
(19, 'chef_eduardo', 'chef2024', 19),
(20, 'barista_carmen', 'barista1234', 20),
(21, 'camarero_juan', 'camarero2024', 21),
(22, 'barista_martin', 'coffee&barista2024', 22),
(23, 'seguridad_vicente', 'seguridad_456', 23),
(24, 'vigilante_noche_sergio', 'vigilante_noche2024', 24),
(25, 'it_juan', 'it_pass@123', 25),
(26, 'soporte_jose', 'soporte@2024', 26),
(27, 'gestor_calidad_pedro', 'calidad2024', 27),
(28, 'recursos_humanos_lilian', 'recursos_humanos@2024', 28),
(29, 'asesor_legal_alicia', 'legal@asesoria2024', 29),
(30, 'consultor_externo_david', 'consultor@2024', 30),
(31, 'inspector_calidad_marta', 'inspector@calidad2024', 31),
(32, 'director_comercial_carlos', 'comercial2024', 32),
(33, 'ejecutivo_ventas_julia', 'ventas@ejecutiva2024', 33),
(34, 'gerente_ventas_rafael', 'ventas@gerente2024', 34),
(35, 'director_financiero_miguel', 'financiero@2024', 35),
(36, 'ejecutivo_cuentas_paola', 'cuentas@ejecutiva2024', 36),
(37, 'chef_pasteleria_ana', 'pastelero#2024', 37),
(38, 'tecnico_it_felipe', 'it_pass@felipe2024', 38),
(39, 'asesor_comercial_andres', 'comercial@asesor2024', 39),
(40, 'desarrollador_db_jose', 'dbdeveloper#2024', 40),
(41, 'jefe_compras_olga', 'compras@jefe2024', 41),
(42, 'supervisor_tienda_natalia', 'tienda@supervisor2024', 42),
(43, 'director_tecnologia_martin', 'tecnologia@2024', 43),
(44, 'gerente_rrhh_raul', 'rrhh@gerente2024', 44),
(45, 'analista_financiero_laura', 'finanzas@analista2024', 45),
(46, 'director_ventas_lucia', 'ventas2024@lucia', 46),
(47, 'ejecutivo_ventas_claudia', 'ventas@ejecutiva2024', 47),
(48, 'jefe_proyectos_ivan', 'proyectos2024@ivan', 48),
(49, 'gerente_marketing_monica', 'marketing@gerente2024', 49),
(50, 'gerente_administrativo_paula', 'admin@2024', 50);


INSERT INTO Historial_Ventas (historial_id, venta_id, tipo_cambio, valor_anterior, valor_nuevo, fecha_cambio) VALUES
(1, 1, 'Descuento aplicado', 500.00, 450.00, '2024-01-15'),
(2, 2, 'Descuento aplicado', 1200.00, 1100.00, '2024-01-16'),
(3, 3, 'Ajuste por error', 750.00, 700.00, '2024-01-17'),
(4, 4, 'Ajuste por error', 300.00, 320.00, '2024-01-18'),
(5, 5, 'Descuento aplicado', 950.00, 900.00, '2024-01-19'),
(6, 6, 'Cambio de precio', 1500.00, 1600.00, '2024-01-20'),
(7, 7, 'Cambio de precio', 400.00, 430.00, '2024-01-21'),
(8, 8, 'Descuento aplicado', 200.00, 180.00, '2024-01-22'),
(9, 9, 'Cambio de precio', 2200.00, 2100.00, '2024-01-23'),
(10, 10, 'Descuento aplicado', 600.00, 580.00, '2024-01-24'),
(11, 11, 'Ajuste por error', 1200.00, 1150.00, '2024-01-25'),
(12, 12, 'Cambio de precio', 1000.00, 1050.00, '2024-01-26'),
(13, 13, 'Descuento aplicado', 800.00, 750.00, '2024-01-27'),
(14, 14, 'Descuento aplicado', 600.00, 550.00, '2024-01-28'),
(15, 15, 'Cambio de precio', 900.00, 950.00, '2024-01-29'),
(16, 16, 'Ajuste por error', 700.00, 730.00, '2024-01-30'),
(17, 17, 'Cambio de precio', 850.00, 880.00, '2024-02-01'),
(18, 18, 'Descuento aplicado', 950.00, 900.00, '2024-02-02'),
(19, 19, 'Ajuste por error', 400.00, 420.00, '2024-02-03'),
(20, 20, 'Descuento aplicado', 500.00, 480.00, '2024-02-04'),
(21, 21, 'Descuento aplicado', 1400.00, 1300.00, '2024-02-05'),
(22, 22, 'Cambio de precio', 2200.00, 2300.00, '2024-02-06'),
(23, 23, 'Ajuste por error', 1100.00, 1150.00, '2024-02-07'),
(24, 24, 'Descuento aplicado', 600.00, 570.00, '2024-02-08'),
(25, 25, 'Descuento aplicado', 700.00, 680.00, '2024-02-09'),
(26, 26, 'Ajuste por error', 300.00, 320.00, '2024-02-10'),
(27, 27, 'Descuento aplicado', 1500.00, 1450.00, '2024-02-11'),
(28, 28, 'Cambio de precio', 800.00, 850.00, '2024-02-12'),
(29, 29, 'Descuento aplicado', 1000.00, 950.00, '2024-02-13'),
(30, 30, 'Cambio de precio', 1200.00, 1250.00, '2024-02-14'),
(31, 31, 'Ajuste por error', 500.00, 520.00, '2024-02-15'),
(32, 32, 'Descuento aplicado', 1800.00, 1700.00, '2024-02-16'),
(33, 33, 'Descuento aplicado', 600.00, 580.00, '2024-02-17'),
(34, 34, 'Cambio de precio', 1500.00, 1550.00, '2024-02-18'),
(35, 35, 'Ajuste por error', 200.00, 210.00, '2024-02-19'),
(36, 36, 'Descuento aplicado', 700.00, 670.00, '2024-02-20'),
(37, 37, 'Cambio de precio', 1200.00, 1250.00, '2024-02-21'),
(38, 38, 'Ajuste por error', 800.00, 820.00, '2024-02-22'),
(39, 39, 'Descuento aplicado', 900.00, 860.00, '2024-02-23'),
(40, 40, 'Cambio de precio', 1100.00, 1150.00, '2024-02-24'),
(41, 41, 'Descuento aplicado', 1800.00, 1700.00, '2024-02-25'),
(42, 42, 'Ajuste por error', 1500.00, 1550.00, '2024-02-26'),
(43, 43, 'Descuento aplicado', 700.00, 650.00, '2024-02-27'),
(44, 44, 'Cambio de precio', 800.00, 850.00, '2024-02-28'),
(45, 45, 'Ajuste por error', 1000.00, 1020.00, '2024-02-29'),
(46, 46, 'Descuento aplicado', 500.00, 460.00, '2024-03-01'),
(47, 47, 'Cambio de precio', 1200.00, 1300.00, '2024-03-02'),
(48, 48, 'Descuento aplicado', 700.00, 670.00, '2024-03-03'),
(49, 49, 'Ajuste por error', 1500.00, 1450.00, '2024-03-04'),
(50, 50, 'Descuento aplicado', 1000.00, 950.00, '2024-03-05');



INSERT INTO Historial_Inventarios (historial_id, inventario_id, tipo_cambio, cantidad_anterior, cantidad_nueva, fecha_cambio) VALUES
(1, 1, 'Ajuste por error', 100, 90, '2024-01-15'),
(2, 2, 'Compra de stock', 50, 70, '2024-01-16'),
(3, 3, 'Venta realizada', 200, 180, '2024-01-17'),
(4, 4, 'Ajuste por error', 150, 130, '2024-01-18'),
(5, 5, 'Compra de stock', 300, 350, '2024-01-19'),
(6, 6, 'Venta realizada', 400, 380, '2024-01-20'),
(7, 7, 'Devolución de producto', 70, 90, '2024-01-21'),
(8, 8, 'Compra de stock', 100, 150, '2024-01-22'),
(9, 9, 'Venta realizada', 500, 470, '2024-01-23'),
(10, 10, 'Ajuste por error', 250, 230, '2024-01-24'),
(11, 11, 'Devolución de producto', 60, 80, '2024-01-25'),
(12, 12, 'Compra de stock', 150, 200, '2024-01-26'),
(13, 13, 'Venta realizada', 120, 100, '2024-01-27'),
(14, 14, 'Ajuste por error', 90, 110, '2024-01-28'),
(15, 15, 'Compra de stock', 50, 80, '2024-01-29'),
(16, 16, 'Devolución de producto', 60, 90, '2024-01-30'),
(17, 17, 'Venta realizada', 200, 180, '2024-02-01'),
(18, 18, 'Ajuste por error', 250, 240, '2024-02-02'),
(19, 19, 'Compra de stock', 300, 350, '2024-02-03'),
(20, 20, 'Venta realizada', 150, 130, '2024-02-04'),
(21, 21, 'Devolución de producto', 100, 120, '2024-02-05'),
(22, 22, 'Compra de stock', 400, 450, '2024-02-06'),
(23, 23, 'Venta realizada', 500, 480, '2024-02-07'),
(24, 24, 'Ajuste por error', 600, 590, '2024-02-08'),
(25, 25, 'Devolución de producto', 50, 70, '2024-02-09'),
(26, 26, 'Compra de stock', 350, 400, '2024-02-10'),
(27, 27, 'Venta realizada', 200, 170, '2024-02-11'),
(28, 28, 'Ajuste por error', 100, 90, '2024-02-12'),
(29, 29, 'Devolución de producto', 60, 80, '2024-02-13'),
(30, 30, 'Compra de stock', 500, 550, '2024-02-14'),
(31, 31, 'Venta realizada', 700, 670, '2024-02-15'),
(32, 32, 'Ajuste por error', 300, 280, '2024-02-16'),
(33, 33, 'Devolución de producto', 80, 100, '2024-02-17'),
(34, 34, 'Compra de stock', 150, 200, '2024-02-18'),
(35, 35, 'Venta realizada', 400, 380, '2024-02-19'),
(36, 36, 'Ajuste por error', 250, 230, '2024-02-20'),
(37, 37, 'Compra de stock', 300, 350, '2024-02-21'),
(38, 38, 'Venta realizada', 200, 180, '2024-02-22'),
(39, 39, 'Devolución de producto', 100, 120, '2024-02-23'),
(40, 40, 'Compra de stock', 500, 550, '2024-02-24'),
(41, 41, 'Venta realizada', 150, 130, '2024-02-25'),
(42, 42, 'Ajuste por error', 250, 240, '2024-02-26'),
(43, 43, 'Devolución de producto', 60, 80, '2024-02-27'),
(44, 44, 'Compra de stock', 600, 650, '2024-02-28'),
(45, 45, 'Venta realizada', 100, 90, '2024-03-01'),
(46, 46, 'Ajuste por error', 200, 190, '2024-03-02'),
(47, 47, 'Devolución de producto', 50, 70, '2024-03-03'),
(48, 48, 'Compra de stock', 150, 200, '2024-03-04'),
(49, 49, 'Venta realizada', 500, 470, '2024-03-05'),
(50, 50, 'Ajuste por error', 400, 380, '2024-03-06');



INSERT INTO Control_Calidad (calidad_id, producto_id, fecha_revision, resultado, observaciones) VALUES
(1, 1, '2024-01-10', 'Aprobado', 'Producto en excelente estado, sin defectos visibles.'),
(2, 2, '2024-01-11', 'Rechazado', 'Presenta defectos en el empaquetado, debe ser reemplazado.'),
(3, 3, '2024-01-12', 'Aprobado', 'Cumple con las especificaciones de calidad.'),
(4, 4, '2024-01-13', 'Aprobado', 'Sin problemas, productos bien sellados.'),
(5, 5, '2024-01-14', 'Rechazado', 'Producto con color y textura inconsistentes.'),
(6, 6, '2024-01-15', 'Aprobado', 'Buen embalaje y presentación.'),
(7, 7, '2024-01-16', 'Aprobado', 'Todo en orden, sin defectos visibles.'),
(8, 8, '2024-01-17', 'Rechazado', 'Mal olor, no apto para la venta.'),
(9, 9, '2024-01-18', 'Aprobado', 'Cumple con las normas sanitarias y de calidad.'),
(10, 10, '2024-01-19', 'Aprobado', 'Producto dentro de parámetros permitidos.'),
(11, 11, '2024-01-20', 'Rechazado', 'Falta etiquetado y está dañado.'),
(12, 12, '2024-01-21', 'Aprobado', 'Cumple con las expectativas de tamaño y color.'),
(13, 13, '2024-01-22', 'Aprobado', 'Producto en perfecto estado.'),
(14, 14, '2024-01-23', 'Rechazado', 'Defecto en la estructura del producto.'),
(15, 15, '2024-01-24', 'Aprobado', 'Producto limpio y bien procesado.'),
(16, 16, '2024-01-25', 'Aprobado', 'Buen producto, adecuado para su uso.'),
(17, 17, '2024-01-26', 'Aprobado', 'Cumple con todas las especificaciones.'),
(18, 18, '2024-01-27', 'Rechazado', 'Deformación visible, no apto para la venta.'),
(19, 19, '2024-01-28', 'Aprobado', 'Producto de buena calidad, sin defectos.'),
(20, 20, '2024-01-29', 'Aprobado', 'Producto correcto según orden de compra.'),
(21, 21, '2024-01-30', 'Rechazado', 'Empaque deteriorado, producto dañado.'),
(22, 22, '2024-01-31', 'Aprobado', 'Cumple con todas las pruebas de calidad.'),
(23, 23, '2024-02-01', 'Aprobado', 'En perfecto estado y sin fallas.'),
(24, 24, '2024-02-02', 'Rechazado', 'Color no conforme con especificaciones.'),
(25, 25, '2024-02-03', 'Aprobado', 'Producto terminado correctamente.'),
(26, 26, '2024-02-04', 'Rechazado', 'Fugas visibles en la unidad, no se puede aprobar.'),
(27, 27, '2024-02-05', 'Aprobado', 'Producto en condiciones satisfactorias.'),
(28, 28, '2024-02-06', 'Rechazado', 'No cumple con las normas de seguridad.'),
(29, 29, '2024-02-07', 'Aprobado', 'Empaque intacto y sin defectos.'),
(30, 30, '2024-02-08', 'Aprobado', 'Producto con calidad y presentación excelentes.'),
(31, 31, '2024-02-09', 'Aprobado', 'Cumple con todas las especificaciones técnicas.'),
(32, 32, '2024-02-10', 'Rechazado', 'Producto con olor desagradable, no apto para uso.'),
(33, 33, '2024-02-11', 'Aprobado', 'Excelente calidad en su diseño y función.'),
(34, 34, '2024-02-12', 'Rechazado', 'Defecto en el acabado del producto.'),
(35, 35, '2024-02-13', 'Aprobado', 'Sin fallas en la inspección.'),
(36, 36, '2024-02-14', 'Aprobado', 'Cumple con las pruebas de calidad requeridas.'),
(37, 37, '2024-02-15', 'Rechazado', 'Defecto en el material utilizado.'),
(38, 38, '2024-02-16', 'Aprobado', 'Producto revisado y dentro de estándares de calidad.'),
(39, 39, '2024-02-17', 'Aprobado', 'Sin problemas de fabricación, conforme a lo solicitado.'),
(40, 40, '2024-02-18', 'Rechazado', 'Defectos visibles en el producto, no es adecuado.'),
(41, 41, '2024-02-19', 'Aprobado', 'Revisión exitosa, sin errores de fabricación.'),
(42, 42, '2024-02-20', 'Aprobado', 'Cumple con todas las normas y regulaciones.'),
(43, 43, '2024-02-21', 'Rechazado', 'Color y tamaño fuera de especificaciones.'),
(44, 44, '2024-02-22', 'Aprobado', 'Producto aprobado tras pruebas de calidad.'),
(45, 45, '2024-02-23', 'Aprobado', 'Cumple con los estándares de control de calidad.'),
(46, 46, '2024-02-24', 'Rechazado', 'Presenta fallas estructurales, no aprobado.'),
(47, 47, '2024-02-25', 'Aprobado', 'Buen funcionamiento y presentación.'),
(48, 48, '2024-02-26', 'Aprobado', 'Producto cumple con los requisitos de calidad.'),
(49, 49, '2024-02-27', 'Rechazado', 'Defecto en el sistema de ensamblaje.'),
(50, 50, '2024-02-28', 'Aprobado', 'Producto en perfecto estado, dentro de la norma.');



INSERT INTO Rendimiento_Cultivo (rendimiento_id, cultivo_id, rendimiento, fecha_calculo) VALUES
(1, 1, 85.5, '2024-01-10'),
(2, 2, 72.3, '2024-01-11'),
(3, 3, 95.8, '2024-01-12'),
(4, 4, 67.4, '2024-01-13'),
(5, 5, 78.9, '2024-01-14'),
(6, 6, 82.6, '2024-01-15'),
(7, 7, 88.3, '2024-01-16'),
(8, 8, 54.2, '2024-01-17'),
(9, 9, 66.1, '2024-01-18'),
(10, 10, 93.5, '2024-01-19'),
(11, 11, 80.4, '2024-01-20'),
(12, 12, 77.7, '2024-01-21'),
(13, 13, 61.8, '2024-01-22'),
(14, 14, 72.5, '2024-01-23'),
(15, 15, 84.7, '2024-01-24'),
(16, 16, 90.1, '2024-01-25'),
(17, 17, 58.2, '2024-01-26'),
(18, 18, 79.6, '2024-01-27'),
(19, 19, 94.3, '2024-01-28'),
(20, 20, 80.0, '2024-01-29'),
(21, 21, 66.4, '2024-01-30'),
(22, 22, 78.2, '2024-01-31'),
(23, 23, 87.9, '2024-02-01'),
(24, 24, 92.6, '2024-02-02'),
(25, 25, 79.3, '2024-02-03'),
(26, 26, 65.7, '2024-02-04'),
(27, 27, 76.8, '2024-02-05'),
(28, 28, 89.4, '2024-02-06'),
(29, 29, 71.1, '2024-02-07'),
(30, 30, 84.2, '2024-02-08'),
(31, 31, 92.4, '2024-02-09'),
(32, 32, 64.9, '2024-02-10'),
(33, 33, 77.5, '2024-02-11'),
(34, 34, 88.8, '2024-02-12'),
(35, 35, 79.1, '2024-02-13'),
(36, 36, 83.3, '2024-02-14'),
(37, 37, 85.2, '2024-02-15'),
(38, 38, 66.0, '2024-02-16'),
(39, 39, 72.9, '2024-02-17'),
(40, 40, 91.6, '2024-02-18'),
(41, 41, 82.4, '2024-02-19'),
(42, 42, 78.1, '2024-02-20'),
(43, 43, 85.0, '2024-02-21'),
(44, 44, 90.3, '2024-02-22'),
(45, 45, 81.9, '2024-02-23'),
(46, 46, 79.8, '2024-02-24'),
(47, 47, 75.5, '2024-02-25'),
(48, 48, 83.8, '2024-02-26'),
(49, 49, 92.2, '2024-02-27'),
(50, 50, 89.5, '2024-02-28');



INSERT INTO Ubicacion_Cultivo (ubicacion_id, cultivo_id, zona, hectareas) VALUES
(1, 1, 'Zona Norte', 50),
(2, 2, 'Zona Sur', 40),
(3, 3, 'Zona Este', 60),
(4, 4, 'Zona Oeste', 45),
(5, 5, 'Zona Centro', 55),
(6, 6, 'Zona Norte', 65),
(7, 7, 'Zona Sur', 70),
(8, 8, 'Zona Este', 50),
(9, 9, 'Zona Oeste', 60),
(10, 10, 'Zona Centro', 80),
(11, 11, 'Zona Norte', 40),
(12, 12, 'Zona Sur', 50),
(13, 13, 'Zona Este', 75),
(14, 14, 'Zona Oeste', 60),
(15, 15, 'Zona Centro', 45),
(16, 16, 'Zona Norte', 55),
(17, 17, 'Zona Sur', 65),
(18, 18, 'Zona Este', 60),
(19, 19, 'Zona Oeste', 70),
(20, 20, 'Zona Centro', 65),
(21, 21, 'Zona Norte', 50),
(22, 22, 'Zona Sur', 45),
(23, 23, 'Zona Este', 55),
(24, 24, 'Zona Oeste', 60),
(25, 25, 'Zona Centro', 75),
(26, 26, 'Zona Norte', 80),
(27, 27, 'Zona Sur', 65),
(28, 28, 'Zona Este', 55),
(29, 29, 'Zona Oeste', 50),
(30, 30, 'Zona Centro', 45),
(31, 31, 'Zona Norte', 40),
(32, 32, 'Zona Sur', 55),
(33, 33, 'Zona Este', 60),
(34, 34, 'Zona Oeste', 70),
(35, 35, 'Zona Centro', 50),
(36, 36, 'Zona Norte', 65),
(37, 37, 'Zona Sur', 75),
(38, 38, 'Zona Este', 80),
(39, 39, 'Zona Oeste', 60),
(40, 40, 'Zona Centro', 50),
(41, 41, 'Zona Norte', 45),
(42, 42, 'Zona Sur', 65),
(43, 43, 'Zona Este', 55),
(44, 44, 'Zona Oeste', 70),
(45, 45, 'Zona Centro', 75),
(46, 46, 'Zona Norte', 80),
(47, 47, 'Zona Sur', 50),
(48, 48, 'Zona Este', 60),
(49, 49, 'Zona Oeste', 65),
(50, 50, 'Zona Centro', 55);



INSERT INTO Tareas_Mantenimiento (tarea_mantenimiento_id, maquinaria_id, descripcion, frecuencia, fecha_programada, fecha_realizada, estado) VALUES
(1, 1, 'Revisión general de motor y sistema hidráulico', 'Mensual', '2024-01-05', '2024-01-07', 'Completada'),
(2, 2, 'Reemplazo de filtros de aire y aceite', 'Trimestral', '2024-02-01', '2024-02-03', 'Completada'),
(3, 3, 'Verificación de sistema de frenos y cambio de pastillas', 'Bimensual', '2024-02-10', '2024-02-12', 'Completada'),
(4, 4, 'Chequeo de tren de rodaje y revisión de llantas', 'Mensual', '2024-03-01', '2024-03-03', 'Completada'),
(5, 5, 'Mantenimiento de sistema eléctrico y reemplazo de baterías', 'Anual', '2024-03-10', '2024-03-12', 'Completada'),
(6, 6, 'Revisión de sistema de refrigeración', 'Trimestral', '2024-04-01', '2024-04-03', 'Completada'),
(7, 7, 'Cambio de aceite y revisión de componentes internos', 'Mensual', '2024-04-05', '2024-04-07', 'Completada'),
(8, 8, 'Inspección de sistema de suspensión y amortiguadores', 'Bimensual', '2024-04-15', '2024-04-17', 'Completada'),
(9, 9, 'Revisión de filtros y válvulas de presión', 'Trimestral', '2024-05-01', '2024-05-03', 'Completada'),
(10, 10, 'Chequeo de frenos y ajuste de discos', 'Mensual', '2024-05-10', '2024-05-12', 'Completada'),
(11, 11, 'Reemplazo de aceite de transmisión', 'Anual', '2024-06-01', '2024-06-03', 'Completada'),
(12, 12, 'Verificación de sistema hidráulico y bomba de agua', 'Trimestral', '2024-06-05', '2024-06-07', 'Completada'),
(13, 13, 'Revisión de motor y ajustes generales', 'Mensual', '2024-07-01', '2024-07-03', 'Completada'),
(14, 14, 'Reemplazo de llantas y revisión de alineación', 'Bimensual', '2024-07-10', '2024-07-12', 'Completada'),
(15, 15, 'Chequeo de sistema de frenos y revisión de discos', 'Trimestral', '2024-07-15', '2024-07-17', 'Completada'),
(16, 16, 'Mantenimiento de la caja de cambios y revisión de filtros', 'Mensual', '2024-08-01', '2024-08-03', 'Completada'),
(17, 17, 'Inspección de sistema de dirección y suspensión', 'Anual', '2024-08-05', '2024-08-07', 'Completada'),
(18, 18, 'Revisión de motor y cambio de filtros', 'Mensual', '2024-08-10', '2024-08-12', 'Completada'),
(19, 19, 'Reemplazo de aceite y revisión de frenos', 'Bimensual', '2024-09-01', '2024-09-03', 'Completada'),
(20, 20, 'Verificación de sistema hidráulico y control de presión', 'Trimestral', '2024-09-05', '2024-09-07', 'Completada'),
(21, 21, 'Chequeo de motor y revisión de filtros de combustible', 'Mensual', '2024-09-10', '2024-09-12', 'Completada'),
(22, 22, 'Revisión de tren de rodaje y ajustes en las llantas', 'Bimensual', '2024-10-01', '2024-10-03', 'Completada'),
(23, 23, 'Reemplazo de filtros de aire y revisión de sistemas eléctricos', 'Anual', '2024-10-05', '2024-10-07', 'Completada'),
(24, 24, 'Inspección de bomba de agua y limpieza de filtros', 'Mensual', '2024-10-10', '2024-10-12', 'Completada'),
(25, 25, 'Chequeo de frenos y ajuste de discos', 'Bimensual', '2024-11-01', '2024-11-03', 'Completada'),
(26, 26, 'Revisión de sistema hidráulico y ajuste de presión', 'Trimestral', '2024-11-05', '2024-11-07', 'Completada'),
(27, 27, 'Mantenimiento de tren de rodaje y revisión de frenos', 'Mensual', '2024-11-10', '2024-11-12', 'Completada'),
(28, 28, 'Reemplazo de aceite y revisión de componentes internos', 'Bimensual', '2024-12-01', '2024-12-03', 'Completada'),
(29, 29, 'Revisión de sistema de refrigeración y ajuste de presiones', 'Trimestral', '2024-12-05', '2024-12-07', 'Completada'),
(30, 30, 'Chequeo de motor y ajuste de válvulas', 'Mensual', '2024-12-10', '2024-12-12', 'Completada'),
(31, 31, 'Reemplazo de filtros de aire y revisión de frenos', 'Anual', '2024-12-15', '2024-12-17', 'Completada'),
(32, 32, 'Mantenimiento de sistema eléctrico y revisión de batería', 'Trimestral', '2025-01-01', '2025-01-03', 'Completada'),
(33, 33, 'Revisión de frenos y revisión de llantas', 'Mensual', '2025-01-05', '2025-01-07', 'Completada'),
(34, 34, 'Inspección de sistema hidráulico y revisión de bomba', 'Bimensual', '2025-01-10', '2025-01-12', 'Completada'),
(35, 35, 'Reemplazo de aceite y revisión de motor', 'Mensual', '2025-02-01', '2025-02-03', 'Completada'),
(36, 36, 'Revisión de sistema de refrigeración y control de temperatura', 'Trimestral', '2025-02-05', '2025-02-07', 'Completada'),
(37, 37, 'Chequeo de frenos y revisión de sistema de suspensión', 'Bimensual', '2025-02-10', '2025-02-12', 'Completada'),
(38, 38, 'Reemplazo de filtros y ajuste de sistema de frenos', 'Anual', '2025-03-01', '2025-03-03', 'Completada'),
(39, 39, 'Mantenimiento de motor y revisión de componentes hidráulicos', 'Mensual', '2025-03-05', '2025-03-07', 'Completada'),
(40, 40, 'Revisión de llantas y ajuste de suspensión', 'Bimensual', '2025-03-10', '2025-03-12', 'Completada'),
(41, 41, 'Reemplazo de aceites y revisión de tren de rodaje', 'Anual', '2025-04-01', '2025-04-03', 'Completada'),
(42, 42, 'Chequeo de filtros de aire y revisión de frenos', 'Mensual', '2025-04-05', '2025-04-07', 'Completada'),
(43, 43, 'Inspección de sistema hidráulico y revisión de bomba', 'Trimestral', '2025-04-10', '2025-04-12', 'Completada'),
(44, 44, 'Reemplazo de filtros de combustible y revisión de motor', 'Bimensual', '2025-05-01', '2025-05-03', 'Completada'),
(45, 45, 'Revisión de sistema eléctrico y reemplazo de baterías', 'Anual', '2025-05-05', '2025-05-07', 'Completada'),
(46, 46, 'Mantenimiento de caja de cambios y revisión de frenos', 'Mensual', '2025-05-10', '2025-05-12', 'Completada'),
(47, 47, 'Chequeo de frenos y revisión de sistema hidráulico', 'Bimensual', '2025-06-01', '2025-06-03', 'Completada'),
(48, 48, 'Reemplazo de aceite y revisión de componentes internos', 'Mensual', '2025-06-05', '2025-06-07', 'Completada'),
(49, 49, 'Revisión de motor y cambio de filtros', 'Trimestral', '2025-06-10', '2025-06-12', 'Completada'),
(50, 50, 'Reemplazo de filtros de aire y revisión de frenos', 'Bimensual', '2025-07-01', '2025-07-03', 'Completada');



INSERT INTO Evaluacion_Desempeno (evaluacion_id, empleado_id, fecha_evaluacion, puntuacion, comentarios) VALUES
(1, 1, '2024-01-05', 4.8, 'Excelente desempeño en todas las tareas asignadas, gran actitud y responsabilidad.'),
(2, 2, '2024-01-10', 4.5, 'Muy buen trabajo, sin embargo, debe mejorar en la puntualidad de los entregables.'),
(3, 3, '2024-01-12', 3.9, 'Buen desempeño, pero se recomienda mejorar la comunicación con los compañeros.'),
(4, 4, '2024-01-15', 5.0, 'Desempeño sobresaliente, siempre cumple con los objetivos establecidos.'),
(5, 5, '2024-01-20', 4.3, 'Trabajo de calidad, aunque se debe prestar más atención a los detalles.'),
(6, 6, '2024-01-25', 4.7, 'Gran capacidad de adaptación y aprendizaje rápido en nuevos proyectos.'),
(7, 7, '2024-02-01', 4.0, 'Cumple con las expectativas, pero se recomienda mejorar la organización en el trabajo.'),
(8, 8, '2024-02-05', 3.7, 'Desempeño adecuado, pero es necesario mejorar en cuanto a la gestión del tiempo.'),
(9, 9, '2024-02-10', 4.2, 'Buen trabajo en equipo, sin embargo, debe tomar más iniciativas.'),
(10, 10, '2024-02-15', 4.6, 'Excelente rendimiento, aunque debe mejorar la toma de decisiones bajo presión.'),
(11, 11, '2024-03-01', 4.9, 'Rendimiento excepcional, muestra gran liderazgo en todas las tareas asignadas.'),
(12, 12, '2024-03-05', 3.5, 'Ha mejorado, pero aún necesita mejorar en la gestión de tareas prioritarias.'),
(13, 13, '2024-03-10', 4.4, 'Buen desempeño general, sin embargo, a veces se pierde en los detalles técnicos.'),
(14, 14, '2024-03-15', 5.0, 'Desempeño impecable, siempre superando expectativas y plazos establecidos.'),
(15, 15, '2024-03-20', 4.1, 'Buen desempeño, pero debe trabajar en la gestión del tiempo y cumplimiento de deadlines.'),
(16, 16, '2024-03-25', 3.8, 'El rendimiento es bueno, pero se recomienda aumentar la proactividad en el trabajo.'),
(17, 17, '2024-04-01', 4.6, 'Buen desempeño general, sigue siendo consistente en la entrega de resultados.'),
(18, 18, '2024-04-05', 4.2, 'Buen trabajo, sin embargo, se debe mejorar la capacidad de resolución de problemas.'),
(19, 19, '2024-04-10', 3.9, 'Ha mostrado mejoras, pero debe trabajar en la colaboración en equipo.'),
(20, 20, '2024-04-15', 4.7, 'Excelente rendimiento en proyectos asignados, se recomienda mayor enfoque en la creatividad.'),
(21, 21, '2024-05-01', 4.5, 'Desempeño sólido, pero se debe trabajar más en la comunicación con otros departamentos.'),
(22, 22, '2024-05-05', 4.3, 'Buen trabajo en equipo, se recomienda mejorar la organización personal.'),
(23, 23, '2024-05-10', 3.8, 'Desempeño adecuado, pero puede mejorar en el cumplimiento de plazos.'),
(24, 24, '2024-05-15', 4.6, 'Gran trabajo, sin embargo, podría mejorar en la toma de decisiones rápidas.'),
(25, 25, '2024-06-01', 4.2, 'Buen desempeño, aunque debería tomar más iniciativas en proyectos nuevos.'),
(26, 26, '2024-06-05', 4.4, 'Cumple con las expectativas, aunque hay áreas de mejora en la gestión de recursos.'),
(27, 27, '2024-06-10', 4.8, 'Desempeño excepcional, siempre logra superar sus objetivos.'),
(28, 28, '2024-06-15', 3.7, 'Ha mostrado progreso, pero aún necesita mejorar en la organización del tiempo.'),
(29, 29, '2024-06-20', 4.3, 'Muy buen trabajo, pero debe ser más proactivo en la colaboración con el equipo.'),
(30, 30, '2024-07-01', 4.9, 'Desempeño sobresaliente, sin embargo, debe mejorar en la priorización de tareas.'),
(31, 31, '2024-07-05', 3.6, 'Desempeño aceptable, pero se recomienda una mejor integración con el equipo de trabajo.'),
(32, 32, '2024-07-10', 4.5, 'Buen trabajo general, aunque debería mejorar en la gestión de proyectos complejos.'),
(33, 33, '2024-07-15', 4.7, 'Excelente desempeño, demuestra un gran compromiso con el trabajo.'),
(34, 34, '2024-07-20', 4.1, 'Desempeño adecuado, pero debe mejorar en la resolución de conflictos internos.'),
(35, 35, '2024-08-01', 4.8, 'Muy buen desempeño, sigue superando las expectativas.'),
(36, 36, '2024-08-05', 3.9, 'Rendimiento aceptable, pero debe mejorar en la toma de decisiones y trabajo en equipo.'),
(37, 37, '2024-08-10', 4.3, 'Buen desempeño, se recomienda mayor atención a los detalles en los proyectos.'),
(38, 38, '2024-08-15', 4.6, 'Desempeño positivo, con buenas ideas y trabajo bien ejecutado.'),
(39, 39, '2024-09-01', 3.8, 'Rendimiento adecuado, aunque debe mejorar la colaboración con otros departamentos.'),
(40, 40, '2024-09-05', 4.7, 'Desempeño excelente, pero se debe trabajar en la mejora de la eficiencia en los procesos.'),
(41, 41, '2024-09-10', 4.2, 'Buen desempeño, pero debe mejorar la gestión de su tiempo y carga de trabajo.'),
(42, 42, '2024-09-15', 4.4, 'Excelente desempeño, pero podría mejorar en el manejo de las tareas de alta presión.'),
(43, 43, '2024-09-20', 4.1, 'Buen desempeño general, pero debería tomar más iniciativa en la solución de problemas.'),
(44, 44, '2024-10-01', 4.9, 'Desempeño sobresaliente, ha mostrado gran evolución en sus tareas.'),
(45, 45, '2024-10-05', 4.6, 'Muy buen desempeño, siempre dispuesto a ayudar al equipo.'),
(46, 46, '2024-10-10', 4.3, 'Desempeño adecuado, pero se debe mejorar en la coordinación con otros departamentos.'),
(47, 47, '2024-10-15', 3.9, 'Ha mostrado un progreso notable, pero se recomienda trabajar más en el enfoque y organización.'),
(48, 48, '2024-10-20', 4.8, 'Excelente trabajo, pero debe mejorar en la gestión de los recursos del equipo.'),
(49, 49, '2024-11-01', 4.5, 'Desempeño sobresaliente, pero podría mejorar la velocidad en la ejecución de tareas complejas.'),
(50, 50, '2024-11-05', 4.2, 'Buen desempeño, necesita mejorar en la resolución rápida de problemas imprevistos.');



INSERT INTO Cosecha (cosecha_id, cultivo_id, cantidad_recolectada, fecha_cosecha, calidad_control, destino) VALUES
(1, 1, 1200.50, '2024-01-10', 'Alta', 'Mercado local'),
(2, 2, 1500.75, '2024-01-12', 'Media', 'Distribución internacional'),
(3, 3, 1800.60, '2024-01-15', 'Alta', 'Industria alimentaria'),
(4, 4, 1100.30, '2024-02-05', 'Baja', 'Comercio mayorista'),
(5, 5, 1300.90, '2024-02-07', 'Alta', 'Exportación'),
(6, 6, 1600.80, '2024-02-15', 'Alta', 'Mercado local'),
(7, 7, 1400.20, '2024-03-01', 'Media', 'Mercado local'),
(8, 8, 1800.50, '2024-03-04', 'Alta', 'Industria procesadora'),
(9, 9, 1500.40, '2024-03-10', 'Alta', 'Mercado mayorista'),
(10, 10, 1100.80, '2024-03-12', 'Media', 'Distribución nacional'),
(11, 1, 2000.00, '2024-04-01', 'Alta', 'Mercado local'),
(12, 2, 1400.50, '2024-04-05', 'Alta', 'Mercado internacional'),
(13, 3, 1300.30, '2024-04-08', 'Media', 'Industria alimentaria'),
(14, 4, 1100.60, '2024-04-10', 'Baja', 'Comercio local'),
(15, 5, 1600.20, '2024-04-12', 'Alta', 'Exportación'),
(16, 6, 1700.90, '2024-05-01', 'Alta', 'Distribución mayorista'),
(17, 7, 1500.00, '2024-05-03', 'Media', 'Mercado mayorista'),
(18, 8, 1800.20, '2024-05-10', 'Alta', 'Industria procesadora'),
(19, 9, 2000.50, '2024-05-15', 'Alta', 'Mercado local'),
(20, 10, 1900.30, '2024-06-01', 'Alta', 'Distribución nacional'),
(21, 1, 1200.75, '2024-06-05', 'Media', 'Mercado local'),
(22, 2, 1400.40, '2024-06-07', 'Alta', 'Exportación'),
(23, 3, 1600.60, '2024-06-15', 'Alta', 'Industria alimentaria'),
(24, 4, 1300.30, '2024-06-20', 'Baja', 'Comercio mayorista'),
(25, 5, 1100.80, '2024-07-01', 'Alta', 'Exportación'),
(26, 6, 1500.90, '2024-07-03', 'Alta', 'Mercado local'),
(27, 7, 1400.20, '2024-07-05', 'Alta', 'Industria procesadora'),
(28, 8, 1300.75, '2024-07-10', 'Alta', 'Mercado mayorista'),
(29, 9, 1600.40, '2024-07-12', 'Media', 'Distribución nacional'),
(30, 10, 1100.90, '2024-08-01', 'Alta', 'Mercado local'),
(31, 1, 1400.50, '2024-08-05', 'Alta', 'Distribución mayorista'),
(32, 2, 1600.20, '2024-08-07', 'Media', 'Comercio local'),
(33, 3, 1800.60, '2024-08-10', 'Alta', 'Industria alimentaria'),
(34, 4, 1700.30, '2024-08-12', 'Alta', 'Mercado local'),
(35, 5, 1100.80, '2024-09-01', 'Alta', 'Exportación'),
(36, 6, 1300.20, '2024-09-05', 'Media', 'Distribución mayorista'),
(37, 7, 1400.40, '2024-09-07', 'Alta', 'Industria alimentaria'),
(38, 8, 1600.60, '2024-09-10', 'Alta', 'Mercado local'),
(39, 9, 1800.80, '2024-09-12', 'Alta', 'Comercio mayorista'),
(40, 10, 1500.20, '2024-09-15', 'Media', 'Distribución nacional'),
(41, 1, 1300.30, '2024-10-01', 'Alta', 'Mercado local'),
(42, 2, 1700.40, '2024-10-05', 'Alta', 'Exportación'),
(43, 3, 1600.80, '2024-10-07', 'Media', 'Industria alimentaria'),
(44, 4, 1400.50, '2024-10-10', 'Baja', 'Comercio mayorista'),
(45, 5, 1100.60, '2024-10-12', 'Alta', 'Exportación'),
(46, 6, 1500.75, '2024-11-01', 'Alta', 'Distribución mayorista'),
(47, 7, 1300.80, '2024-11-05', 'Alta', 'Mercado local'),
(48, 8, 1200.90, '2024-11-10', 'Alta', 'Industria procesadora'),
(49, 9, 1100.20, '2024-11-12', 'Media', 'Distribución nacional'),
(50, 10, 1500.50, '2024-12-01', 'Alta', 'Mercado local');



INSERT INTO Costos_Produccion (costo_produccion_id, cultivo_id, tipo_costo, monto, fecha) VALUES
(1, 1, 'Semillas', 1200.50, '2024-01-10'),
(2, 2, 'Fertilizantes', 1500.75, '2024-01-12'),
(3, 3, 'Agua', 800.60, '2024-01-15'),
(4, 4, 'Mano de obra', 1000.30, '2024-02-05'),
(5, 5, 'Semillas', 900.90, '2024-02-07'),
(6, 6, 'Fertilizantes', 1100.80, '2024-02-15'),
(7, 7, 'Pesticidas', 1500.20, '2024-03-01'),
(8, 8, 'Fertilizantes', 1300.50, '2024-03-04'),
(9, 9, 'Mano de obra', 1400.40, '2024-03-10'),
(10, 10, 'Semillas', 1000.80, '2024-03-12'),
(11, 1, 'Agua', 700.00, '2024-04-01'),
(12, 2, 'Fertilizantes', 1600.20, '2024-04-05'),
(13, 3, 'Mano de obra', 1200.30, '2024-04-08'),
(14, 4, 'Pesticidas', 950.60, '2024-04-10'),
(15, 5, 'Semillas', 980.50, '2024-04-12'),
(16, 6, 'Mano de obra', 1100.90, '2024-05-01'),
(17, 7, 'Agua', 1300.75, '2024-05-03'),
(18, 8, 'Pesticidas', 1150.40, '2024-05-10'),
(19, 9, 'Fertilizantes', 1400.30, '2024-05-15'),
(20, 10, 'Semillas', 850.20, '2024-06-01'),
(21, 1, 'Mano de obra', 1200.50, '2024-06-05'),
(22, 2, 'Agua', 900.40, '2024-06-07'),
(23, 3, 'Pesticidas', 1100.30, '2024-06-15'),
(24, 4, 'Semillas', 950.80, '2024-06-20'),
(25, 5, 'Fertilizantes', 1300.90, '2024-07-01'),
(26, 6, 'Pesticidas', 1200.20, '2024-07-03'),
(27, 7, 'Mano de obra', 1100.80, '2024-07-05'),
(28, 8, 'Agua', 1000.40, '2024-07-10'),
(29, 9, 'Semillas', 900.60, '2024-07-12'),
(30, 10, 'Pesticidas', 1300.30, '2024-08-01'),
(31, 1, 'Fertilizantes', 1400.75, '2024-08-05'),
(32, 2, 'Mano de obra', 1300.60, '2024-08-07'),
(33, 3, 'Semillas', 950.40, '2024-08-10'),
(34, 4, 'Fertilizantes', 1000.80, '2024-08-12'),
(35, 5, 'Pesticidas', 1200.50, '2024-09-01'),
(36, 6, 'Agua', 1300.20, '2024-09-05'),
(37, 7, 'Semillas', 1500.40, '2024-09-07'),
(38, 8, 'Mano de obra', 1100.75, '2024-09-10'),
(39, 9, 'Pesticidas', 1300.60, '2024-09-12'),
(40, 10, 'Fertilizantes', 1400.30, '2024-09-15'),
(41, 1, 'Pesticidas', 1150.60, '2024-10-01'),
(42, 2, 'Mano de obra', 1300.80, '2024-10-05'),
(43, 3, 'Fertilizantes', 1200.20, '2024-10-07'),
(44, 4, 'Semillas', 950.30, '2024-10-10'),
(45, 5, 'Mano de obra', 1000.40, '2024-10-12'),
(46, 6, 'Agua', 1100.75, '2024-11-01'),
(47, 7, 'Semillas', 1300.50, '2024-11-05'),
(48, 8, 'Pesticidas', 1200.20, '2024-11-10'),
(49, 9, 'Fertilizantes', 1400.60, '2024-11-12'),
(50, 10, 'Mano de obra', 1300.30, '2024-12-01');



INSERT INTO Pagos_Vendedores (pago_vendedor_id, vendedor_id, monto, fecha_pago, metodo_pago) VALUES
(1, 1, 1500.50, '2024-01-10', 'Transferencia bancaria'),
(2, 2, 2000.75, '2024-01-12', 'Cheque'),
(3, 3, 1800.60, '2024-01-15', 'Efectivo'),
(4, 4, 2200.30, '2024-02-05', 'Transferencia bancaria'),
(5, 5, 1900.90, '2024-02-07', 'Cheque'),
(6, 6, 2100.80, '2024-02-15', 'Efectivo'),
(7, 7, 1600.20, '2024-03-01', 'Transferencia bancaria'),
(8, 8, 1750.50, '2024-03-04', 'Cheque'),
(9, 9, 1850.40, '2024-03-10', 'Efectivo'),
(10, 10, 1700.80, '2024-03-12', 'Transferencia bancaria'),
(11, 1, 1450.00, '2024-04-01', 'Cheque'),
(12, 2, 2150.20, '2024-04-05', 'Efectivo'),
(13, 3, 2000.30, '2024-04-08', 'Transferencia bancaria'),
(14, 4, 2300.60, '2024-04-10', 'Cheque'),
(15, 5, 2100.50, '2024-04-12', 'Efectivo'),
(16, 6, 1800.90, '2024-05-01', 'Transferencia bancaria'),
(17, 7, 1950.75, '2024-05-03', 'Cheque'),
(18, 8, 2200.20, '2024-05-10', 'Efectivo'),
(19, 9, 2400.30, '2024-05-15', 'Transferencia bancaria'),
(20, 10, 1600.40, '2024-06-01', 'Cheque'),
(21, 1, 1550.20, '2024-06-05', 'Efectivo'),
(22, 2, 2000.60, '2024-06-07', 'Transferencia bancaria'),
(23, 3, 1800.50, '2024-06-15', 'Cheque'),
(24, 4, 1900.80, '2024-06-20', 'Efectivo'),
(25, 5, 1700.40, '2024-07-01', 'Transferencia bancaria'),
(26, 6, 1600.75, '2024-07-03', 'Cheque'),
(27, 7, 1800.20, '2024-07-05', 'Efectivo'),
(28, 8, 1950.90, '2024-07-10', 'Transferencia bancaria'),
(29, 9, 1700.30, '2024-07-12', 'Cheque'),
(30, 10, 1850.40, '2024-08-01', 'Efectivo'),
(31, 1, 1500.80, '2024-08-05', 'Transferencia bancaria'),
(32, 2, 2100.30, '2024-08-07', 'Cheque'),
(33, 3, 2000.60, '2024-08-10', 'Efectivo'),
(34, 4, 1900.20, '2024-08-12', 'Transferencia bancaria'),
(35, 5, 2050.40, '2024-09-01', 'Cheque'),
(36, 6, 1950.80, '2024-09-05', 'Efectivo'),
(37, 7, 2100.50, '2024-09-07', 'Transferencia bancaria'),
(38, 8, 2200.30, '2024-09-10', 'Cheque'),
(39, 9, 2300.60, '2024-09-12', 'Efectivo'),
(40, 10, 2400.90, '2024-09-15', 'Transferencia bancaria'),
(41, 1, 1650.20, '2024-10-01', 'Cheque'),
(42, 2, 1800.75, '2024-10-05', 'Efectivo'),
(43, 3, 1950.40, '2024-10-07', 'Transferencia bancaria'),
(44, 4, 1700.60, '2024-10-10', 'Cheque'),
(45, 5, 1800.90, '2024-10-12', 'Efectivo'),
(46, 6, 2000.75, '2024-11-01', 'Transferencia bancaria'),
(47, 7, 2100.20, '2024-11-05', 'Cheque'),
(48, 8, 2200.40, '2024-11-10', 'Efectivo'),
(49, 9, 2400.30, '2024-11-12', 'Transferencia bancaria'),
(50, 10, 1900.50, '2024-12-01', 'Cheque');



INSERT INTO Auditoria_Accessos (auditoria_id, usuario_id, accion, fecha_hora, detalles) VALUES
(1, 1, 'Inicio de sesión', '2024-01-10 08:15:00', 'Acceso exitoso desde IP 192.168.1.10'),
(2, 2, 'Inicio de sesión', '2024-01-10 08:30:00', 'Acceso exitoso desde IP 192.168.1.12'),
(3, 3, 'Inicio de sesión', '2024-01-10 09:00:00', 'Acceso exitoso desde IP 192.168.1.14'),
(4, 4, 'Inicio de sesión', '2024-01-10 09:15:00', 'Acceso exitoso desde IP 192.168.1.16'),
(5, 5, 'Inicio de sesión', '2024-01-10 09:45:00', 'Acceso exitoso desde IP 192.168.1.18'),
(6, 6, 'Inicio de sesión', '2024-01-10 10:00:00', 'Acceso exitoso desde IP 192.168.1.20'),
(7, 7, 'Cambio de contraseña', '2024-01-10 10:30:00', 'Contraseña modificada con éxito'),
(8, 8, 'Cambio de contraseña', '2024-01-10 10:45:00', 'Contraseña modificada con éxito'),
(9, 9, 'Cambio de contraseña', '2024-01-10 11:00:00', 'Contraseña modificada con éxito'),
(10, 10, 'Cambio de contraseña', '2024-01-10 11:30:00', 'Contraseña modificada con éxito'),
(11, 1, 'Acceso a panel de administración', '2024-01-11 08:00:00', 'Acceso exitoso a sección de usuarios'),
(12, 2, 'Acceso a panel de administración', '2024-01-11 08:30:00', 'Acceso exitoso a sección de ventas'),
(13, 3, 'Acceso a panel de administración', '2024-01-11 09:00:00', 'Acceso exitoso a sección de reportes'),
(14, 4, 'Acceso a panel de administración', '2024-01-11 09:30:00', 'Acceso exitoso a sección de inventarios'),
(15, 5, 'Acceso a panel de administración', '2024-01-11 10:00:00', 'Acceso exitoso a sección de compras'),
(16, 6, 'Acceso a panel de administración', '2024-01-11 10:30:00', 'Acceso exitoso a sección de clientes'),
(17, 7, 'Acceso a panel de administración', '2024-01-12 08:00:00', 'Acceso exitoso a sección de ventas'),
(18, 8, 'Acceso a panel de administración', '2024-01-12 08:30:00', 'Acceso exitoso a sección de empleados'),
(19, 9, 'Acceso a panel de administración', '2024-01-12 09:00:00', 'Acceso exitoso a sección de pagos'),
(20, 10, 'Acceso a panel de administración', '2024-01-12 09:30:00', 'Acceso exitoso a sección de proveedores'),
(21, 1, 'Cerrar sesión', '2024-01-13 08:15:00', 'Cierre de sesión realizado desde IP 192.168.1.10'),
(22, 2, 'Cerrar sesión', '2024-01-13 08:45:00', 'Cierre de sesión realizado desde IP 192.168.1.12'),
(23, 3, 'Cerrar sesión', '2024-01-13 09:15:00', 'Cierre de sesión realizado desde IP 192.168.1.14'),
(24, 4, 'Cerrar sesión', '2024-01-13 09:45:00', 'Cierre de sesión realizado desde IP 192.168.1.16'),
(25, 5, 'Cerrar sesión', '2024-01-13 10:15:00', 'Cierre de sesión realizado desde IP 192.168.1.18'),
(26, 6, 'Cerrar sesión', '2024-01-13 10:45:00', 'Cierre de sesión realizado desde IP 192.168.1.20'),
(27, 7, 'Acceso a panel de administración', '2024-01-14 08:00:00', 'Acceso exitoso a sección de inventarios'),
(28, 8, 'Acceso a panel de administración', '2024-01-14 08:30:00', 'Acceso exitoso a sección de ventas'),
(29, 9, 'Acceso a panel de administración', '2024-01-14 09:00:00', 'Acceso exitoso a sección de compras'),
(30, 10, 'Acceso a panel de administración', '2024-01-14 09:30:00', 'Acceso exitoso a sección de clientes'),
(31, 1, 'Acceso a panel de administración', '2024-01-15 08:00:00', 'Acceso exitoso a sección de reportes'),
(32, 2, 'Acceso a panel de administración', '2024-01-15 08:30:00', 'Acceso exitoso a sección de proveedores'),
(33, 3, 'Acceso a panel de administración', '2024-01-15 09:00:00', 'Acceso exitoso a sección de empleados'),
(34, 4, 'Acceso a panel de administración', '2024-01-15 09:30:00', 'Acceso exitoso a sección de ventas'),
(35, 5, 'Acceso a panel de administración', '2024-01-15 10:00:00', 'Acceso exitoso a sección de pagos'),
(36, 6, 'Acceso a panel de administración', '2024-01-15 10:30:00', 'Acceso exitoso a sección de clientes'),
(37, 7, 'Acceso a panel de administración', '2024-01-16 08:00:00', 'Acceso exitoso a sección de inventarios'),
(38, 8, 'Acceso a panel de administración', '2024-01-16 08:30:00', 'Acceso exitoso a sección de compras'),
(39, 9, 'Acceso a panel de administración', '2024-01-16 09:00:00', 'Acceso exitoso a sección de reportes'),
(40, 10, 'Acceso a panel de administración', '2024-01-16 09:30:00', 'Acceso exitoso a sección de ventas'),
(41, 1, 'Acceso a panel de administración', '2024-01-17 08:00:00', 'Acceso exitoso a sección de pagos'),
(42, 2, 'Acceso a panel de administración', '2024-01-17 08:30:00', 'Acceso exitoso a sección de clientes'),
(43, 3, 'Acceso a panel de administración', '2024-01-17 09:00:00', 'Acceso exitoso a sección de proveedores'),
(44, 4, 'Acceso a panel de administración', '2024-01-17 09:30:00', 'Acceso exitoso a sección de reportes'),
(45, 5, 'Acceso a panel de administración', '2024-01-17 10:00:00', 'Acceso exitoso a sección de empleados'),
(46, 6, 'Acceso a panel de administración', '2024-01-17 10:30:00', 'Acceso exitoso a sección de compras'),
(47, 7, 'Acceso a panel de administración', '2024-01-18 08:00:00', 'Acceso exitoso a sección de ventas'),
(48, 8, 'Acceso a panel de administración', '2024-01-18 08:30:00', 'Acceso exitoso a sección de pagos'),
(49, 9, 'Acceso a panel de administración', '2024-01-18 09:00:00', 'Acceso exitoso a sección de inventarios'),
(50, 10, 'Acceso a panel de administración', '2024-01-18 09:30:00', 'Acceso exitoso a sección de clientes');

